# Ring für das Ringrennen (DragonTwin, s&box). Erzeugt von tools/make_ring_obj.py
# Achse = +X, Ring-Radius 1, Rohr-Radius 0.06
o Ring
v 0.000000 1.060000 0.000000
v 0.030000 1.051962 0.000000
v 0.051962 1.030000 0.000000
v 0.060000 1.000000 0.000000
v 0.051962 0.970000 0.000000
v 0.030000 0.948038 0.000000
v 0.000000 0.940000 0.000000
v -0.030000 0.948038 0.000000
v -0.051962 0.970000 0.000000
v -0.060000 1.000000 0.000000
v -0.051962 1.030000 0.000000
v -0.030000 1.051962 0.000000
v 0.000000 1.054896 0.103898
v 0.030000 1.046896 0.103110
v 0.051962 1.025040 0.100958
v 0.060000 0.995185 0.098017
v 0.051962 0.965329 0.095077
v 0.030000 0.943473 0.092924
v 0.000000 0.935474 0.092136
v -0.030000 0.943473 0.092924
v -0.051962 0.965329 0.095077
v -0.060000 0.995185 0.098017
v -0.051962 1.025040 0.100958
v -0.030000 1.046896 0.103110
v 0.000000 1.039632 0.206796
v 0.030000 1.031748 0.205228
v 0.051962 1.010209 0.200943
v 0.060000 0.980785 0.195090
v 0.051962 0.951362 0.189238
v 0.030000 0.929822 0.184953
v 0.000000 0.921938 0.183385
v -0.030000 0.929822 0.184953
v -0.051962 0.951362 0.189238
v -0.060000 0.980785 0.195090
v -0.051962 1.010209 0.200943
v -0.030000 1.031748 0.205228
v 0.000000 1.014357 0.307702
v 0.030000 1.006664 0.305368
v 0.051962 0.985649 0.298993
v 0.060000 0.956940 0.290285
v 0.051962 0.928232 0.281576
v 0.030000 0.907216 0.275201
v 0.000000 0.899524 0.272868
v -0.030000 0.907216 0.275201
v -0.051962 0.928232 0.281576
v -0.060000 0.956940 0.290285
v -0.051962 0.985649 0.298993
v -0.030000 1.006664 0.305368
v 0.000000 0.979312 0.405644
v 0.030000 0.971886 0.402568
v 0.051962 0.951596 0.394164
v 0.060000 0.923880 0.382683
v 0.051962 0.896163 0.371203
v 0.030000 0.875873 0.362799
v 0.000000 0.868447 0.359722
v -0.030000 0.875873 0.362799
v -0.051962 0.896163 0.371203
v -0.060000 0.923880 0.382683
v -0.051962 0.951596 0.394164
v -0.030000 0.971886 0.402568
v 0.000000 0.934837 0.499681
v 0.030000 0.927747 0.495891
v 0.051962 0.908379 0.485539
v 0.060000 0.881921 0.471397
v 0.051962 0.855464 0.457255
v 0.030000 0.836095 0.446902
v 0.000000 0.829006 0.443113
v -0.030000 0.836095 0.446902
v -0.051962 0.855464 0.457255
v -0.060000 0.881921 0.471397
v -0.051962 0.908379 0.485539
v -0.030000 0.927747 0.495891
v 0.000000 0.881358 0.588904
v 0.030000 0.874674 0.584439
v 0.051962 0.856414 0.572237
v 0.060000 0.831470 0.555570
v 0.051962 0.806526 0.538903
v 0.030000 0.788265 0.526702
v 0.000000 0.781581 0.522236
v -0.030000 0.788265 0.526702
v -0.051962 0.806526 0.538903
v -0.060000 0.831470 0.555570
v -0.051962 0.856414 0.572237
v -0.030000 0.874674 0.584439
v 0.000000 0.819391 0.672457
v 0.030000 0.813177 0.667357
v 0.051962 0.796201 0.653425
v 0.060000 0.773010 0.634393
v 0.051962 0.749820 0.615361
v 0.030000 0.732844 0.601429
v 0.000000 0.726630 0.596330
v -0.030000 0.732844 0.601429
v -0.051962 0.749820 0.615361
v -0.060000 0.773010 0.634393
v -0.051962 0.796201 0.653425
v -0.030000 0.813177 0.667357
v 0.000000 0.749533 0.749533
v 0.030000 0.743849 0.743849
v 0.051962 0.728320 0.728320
v 0.060000 0.707107 0.707107
v 0.051962 0.685894 0.685894
v 0.030000 0.670364 0.670364
v 0.000000 0.664680 0.664680
v -0.030000 0.670364 0.670364
v -0.051962 0.685894 0.685894
v -0.060000 0.707107 0.707107
v -0.051962 0.728320 0.728320
v -0.030000 0.743849 0.743849
v 0.000000 0.672457 0.819391
v 0.030000 0.667357 0.813177
v 0.051962 0.653425 0.796201
v 0.060000 0.634393 0.773010
v 0.051962 0.615361 0.749820
v 0.030000 0.601429 0.732844
v 0.000000 0.596330 0.726630
v -0.030000 0.601429 0.732844
v -0.051962 0.615361 0.749820
v -0.060000 0.634393 0.773010
v -0.051962 0.653425 0.796201
v -0.030000 0.667357 0.813177
v 0.000000 0.588904 0.881358
v 0.030000 0.584439 0.874674
v 0.051962 0.572237 0.856414
v 0.060000 0.555570 0.831470
v 0.051962 0.538903 0.806526
v 0.030000 0.526702 0.788265
v 0.000000 0.522236 0.781581
v -0.030000 0.526702 0.788265
v -0.051962 0.538903 0.806526
v -0.060000 0.555570 0.831470
v -0.051962 0.572237 0.856414
v -0.030000 0.584439 0.874674
v 0.000000 0.499681 0.934837
v 0.030000 0.495891 0.927747
v 0.051962 0.485539 0.908379
v 0.060000 0.471397 0.881921
v 0.051962 0.457255 0.855464
v 0.030000 0.446902 0.836095
v 0.000000 0.443113 0.829006
v -0.030000 0.446902 0.836095
v -0.051962 0.457255 0.855464
v -0.060000 0.471397 0.881921
v -0.051962 0.485539 0.908379
v -0.030000 0.495891 0.927747
v 0.000000 0.405644 0.979312
v 0.030000 0.402568 0.971886
v 0.051962 0.394164 0.951596
v 0.060000 0.382683 0.923880
v 0.051962 0.371203 0.896163
v 0.030000 0.362799 0.875873
v 0.000000 0.359722 0.868447
v -0.030000 0.362799 0.875873
v -0.051962 0.371203 0.896163
v -0.060000 0.382683 0.923880
v -0.051962 0.394164 0.951596
v -0.030000 0.402568 0.971886
v 0.000000 0.307702 1.014357
v 0.030000 0.305368 1.006664
v 0.051962 0.298993 0.985649
v 0.060000 0.290285 0.956940
v 0.051962 0.281576 0.928232
v 0.030000 0.275201 0.907216
v 0.000000 0.272868 0.899524
v -0.030000 0.275201 0.907216
v -0.051962 0.281576 0.928232
v -0.060000 0.290285 0.956940
v -0.051962 0.298993 0.985649
v -0.030000 0.305368 1.006664
v 0.000000 0.206796 1.039632
v 0.030000 0.205228 1.031748
v 0.051962 0.200943 1.010209
v 0.060000 0.195090 0.980785
v 0.051962 0.189238 0.951362
v 0.030000 0.184953 0.929822
v 0.000000 0.183385 0.921938
v -0.030000 0.184953 0.929822
v -0.051962 0.189238 0.951362
v -0.060000 0.195090 0.980785
v -0.051962 0.200943 1.010209
v -0.030000 0.205228 1.031748
v 0.000000 0.103898 1.054896
v 0.030000 0.103110 1.046896
v 0.051962 0.100958 1.025040
v 0.060000 0.098017 0.995185
v 0.051962 0.095077 0.965329
v 0.030000 0.092924 0.943473
v 0.000000 0.092136 0.935474
v -0.030000 0.092924 0.943473
v -0.051962 0.095077 0.965329
v -0.060000 0.098017 0.995185
v -0.051962 0.100958 1.025040
v -0.030000 0.103110 1.046896
v 0.000000 0.000000 1.060000
v 0.030000 0.000000 1.051962
v 0.051962 0.000000 1.030000
v 0.060000 0.000000 1.000000
v 0.051962 0.000000 0.970000
v 0.030000 0.000000 0.948038
v 0.000000 0.000000 0.940000
v -0.030000 0.000000 0.948038
v -0.051962 0.000000 0.970000
v -0.060000 0.000000 1.000000
v -0.051962 0.000000 1.030000
v -0.030000 0.000000 1.051962
v 0.000000 -0.103898 1.054896
v 0.030000 -0.103110 1.046896
v 0.051962 -0.100958 1.025040
v 0.060000 -0.098017 0.995185
v 0.051962 -0.095077 0.965329
v 0.030000 -0.092924 0.943473
v 0.000000 -0.092136 0.935474
v -0.030000 -0.092924 0.943473
v -0.051962 -0.095077 0.965329
v -0.060000 -0.098017 0.995185
v -0.051962 -0.100958 1.025040
v -0.030000 -0.103110 1.046896
v 0.000000 -0.206796 1.039632
v 0.030000 -0.205228 1.031748
v 0.051962 -0.200943 1.010209
v 0.060000 -0.195090 0.980785
v 0.051962 -0.189238 0.951362
v 0.030000 -0.184953 0.929822
v 0.000000 -0.183385 0.921938
v -0.030000 -0.184953 0.929822
v -0.051962 -0.189238 0.951362
v -0.060000 -0.195090 0.980785
v -0.051962 -0.200943 1.010209
v -0.030000 -0.205228 1.031748
v 0.000000 -0.307702 1.014357
v 0.030000 -0.305368 1.006664
v 0.051962 -0.298993 0.985649
v 0.060000 -0.290285 0.956940
v 0.051962 -0.281576 0.928232
v 0.030000 -0.275201 0.907216
v 0.000000 -0.272868 0.899524
v -0.030000 -0.275201 0.907216
v -0.051962 -0.281576 0.928232
v -0.060000 -0.290285 0.956940
v -0.051962 -0.298993 0.985649
v -0.030000 -0.305368 1.006664
v 0.000000 -0.405644 0.979312
v 0.030000 -0.402568 0.971886
v 0.051962 -0.394164 0.951596
v 0.060000 -0.382683 0.923880
v 0.051962 -0.371203 0.896163
v 0.030000 -0.362799 0.875873
v 0.000000 -0.359722 0.868447
v -0.030000 -0.362799 0.875873
v -0.051962 -0.371203 0.896163
v -0.060000 -0.382683 0.923880
v -0.051962 -0.394164 0.951596
v -0.030000 -0.402568 0.971886
v 0.000000 -0.499681 0.934837
v 0.030000 -0.495891 0.927747
v 0.051962 -0.485539 0.908379
v 0.060000 -0.471397 0.881921
v 0.051962 -0.457255 0.855464
v 0.030000 -0.446902 0.836095
v 0.000000 -0.443113 0.829006
v -0.030000 -0.446902 0.836095
v -0.051962 -0.457255 0.855464
v -0.060000 -0.471397 0.881921
v -0.051962 -0.485539 0.908379
v -0.030000 -0.495891 0.927747
v 0.000000 -0.588904 0.881358
v 0.030000 -0.584439 0.874674
v 0.051962 -0.572237 0.856414
v 0.060000 -0.555570 0.831470
v 0.051962 -0.538903 0.806526
v 0.030000 -0.526702 0.788265
v 0.000000 -0.522236 0.781581
v -0.030000 -0.526702 0.788265
v -0.051962 -0.538903 0.806526
v -0.060000 -0.555570 0.831470
v -0.051962 -0.572237 0.856414
v -0.030000 -0.584439 0.874674
v 0.000000 -0.672457 0.819391
v 0.030000 -0.667357 0.813177
v 0.051962 -0.653425 0.796201
v 0.060000 -0.634393 0.773010
v 0.051962 -0.615361 0.749820
v 0.030000 -0.601429 0.732844
v 0.000000 -0.596330 0.726630
v -0.030000 -0.601429 0.732844
v -0.051962 -0.615361 0.749820
v -0.060000 -0.634393 0.773010
v -0.051962 -0.653425 0.796201
v -0.030000 -0.667357 0.813177
v 0.000000 -0.749533 0.749533
v 0.030000 -0.743849 0.743849
v 0.051962 -0.728320 0.728320
v 0.060000 -0.707107 0.707107
v 0.051962 -0.685894 0.685894
v 0.030000 -0.670364 0.670364
v 0.000000 -0.664680 0.664680
v -0.030000 -0.670364 0.670364
v -0.051962 -0.685894 0.685894
v -0.060000 -0.707107 0.707107
v -0.051962 -0.728320 0.728320
v -0.030000 -0.743849 0.743849
v 0.000000 -0.819391 0.672457
v 0.030000 -0.813177 0.667357
v 0.051962 -0.796201 0.653425
v 0.060000 -0.773010 0.634393
v 0.051962 -0.749820 0.615361
v 0.030000 -0.732844 0.601429
v 0.000000 -0.726630 0.596330
v -0.030000 -0.732844 0.601429
v -0.051962 -0.749820 0.615361
v -0.060000 -0.773010 0.634393
v -0.051962 -0.796201 0.653425
v -0.030000 -0.813177 0.667357
v 0.000000 -0.881358 0.588904
v 0.030000 -0.874674 0.584439
v 0.051962 -0.856414 0.572237
v 0.060000 -0.831470 0.555570
v 0.051962 -0.806526 0.538903
v 0.030000 -0.788265 0.526702
v 0.000000 -0.781581 0.522236
v -0.030000 -0.788265 0.526702
v -0.051962 -0.806526 0.538903
v -0.060000 -0.831470 0.555570
v -0.051962 -0.856414 0.572237
v -0.030000 -0.874674 0.584439
v 0.000000 -0.934837 0.499681
v 0.030000 -0.927747 0.495891
v 0.051962 -0.908379 0.485539
v 0.060000 -0.881921 0.471397
v 0.051962 -0.855464 0.457255
v 0.030000 -0.836095 0.446902
v 0.000000 -0.829006 0.443113
v -0.030000 -0.836095 0.446902
v -0.051962 -0.855464 0.457255
v -0.060000 -0.881921 0.471397
v -0.051962 -0.908379 0.485539
v -0.030000 -0.927747 0.495891
v 0.000000 -0.979312 0.405644
v 0.030000 -0.971886 0.402568
v 0.051962 -0.951596 0.394164
v 0.060000 -0.923880 0.382683
v 0.051962 -0.896163 0.371203
v 0.030000 -0.875873 0.362799
v 0.000000 -0.868447 0.359722
v -0.030000 -0.875873 0.362799
v -0.051962 -0.896163 0.371203
v -0.060000 -0.923880 0.382683
v -0.051962 -0.951596 0.394164
v -0.030000 -0.971886 0.402568
v 0.000000 -1.014357 0.307702
v 0.030000 -1.006664 0.305368
v 0.051962 -0.985649 0.298993
v 0.060000 -0.956940 0.290285
v 0.051962 -0.928232 0.281576
v 0.030000 -0.907216 0.275201
v 0.000000 -0.899524 0.272868
v -0.030000 -0.907216 0.275201
v -0.051962 -0.928232 0.281576
v -0.060000 -0.956940 0.290285
v -0.051962 -0.985649 0.298993
v -0.030000 -1.006664 0.305368
v 0.000000 -1.039632 0.206796
v 0.030000 -1.031748 0.205228
v 0.051962 -1.010209 0.200943
v 0.060000 -0.980785 0.195090
v 0.051962 -0.951362 0.189238
v 0.030000 -0.929822 0.184953
v 0.000000 -0.921938 0.183385
v -0.030000 -0.929822 0.184953
v -0.051962 -0.951362 0.189238
v -0.060000 -0.980785 0.195090
v -0.051962 -1.010209 0.200943
v -0.030000 -1.031748 0.205228
v 0.000000 -1.054896 0.103898
v 0.030000 -1.046896 0.103110
v 0.051962 -1.025040 0.100958
v 0.060000 -0.995185 0.098017
v 0.051962 -0.965329 0.095077
v 0.030000 -0.943473 0.092924
v 0.000000 -0.935474 0.092136
v -0.030000 -0.943473 0.092924
v -0.051962 -0.965329 0.095077
v -0.060000 -0.995185 0.098017
v -0.051962 -1.025040 0.100958
v -0.030000 -1.046896 0.103110
v 0.000000 -1.060000 0.000000
v 0.030000 -1.051962 0.000000
v 0.051962 -1.030000 0.000000
v 0.060000 -1.000000 0.000000
v 0.051962 -0.970000 0.000000
v 0.030000 -0.948038 0.000000
v 0.000000 -0.940000 0.000000
v -0.030000 -0.948038 0.000000
v -0.051962 -0.970000 0.000000
v -0.060000 -1.000000 0.000000
v -0.051962 -1.030000 0.000000
v -0.030000 -1.051962 0.000000
v 0.000000 -1.054896 -0.103898
v 0.030000 -1.046896 -0.103110
v 0.051962 -1.025040 -0.100958
v 0.060000 -0.995185 -0.098017
v 0.051962 -0.965329 -0.095077
v 0.030000 -0.943473 -0.092924
v 0.000000 -0.935474 -0.092136
v -0.030000 -0.943473 -0.092924
v -0.051962 -0.965329 -0.095077
v -0.060000 -0.995185 -0.098017
v -0.051962 -1.025040 -0.100958
v -0.030000 -1.046896 -0.103110
v 0.000000 -1.039632 -0.206796
v 0.030000 -1.031748 -0.205228
v 0.051962 -1.010209 -0.200943
v 0.060000 -0.980785 -0.195090
v 0.051962 -0.951362 -0.189238
v 0.030000 -0.929822 -0.184953
v 0.000000 -0.921938 -0.183385
v -0.030000 -0.929822 -0.184953
v -0.051962 -0.951362 -0.189238
v -0.060000 -0.980785 -0.195090
v -0.051962 -1.010209 -0.200943
v -0.030000 -1.031748 -0.205228
v 0.000000 -1.014357 -0.307702
v 0.030000 -1.006664 -0.305368
v 0.051962 -0.985649 -0.298993
v 0.060000 -0.956940 -0.290285
v 0.051962 -0.928232 -0.281576
v 0.030000 -0.907216 -0.275201
v 0.000000 -0.899524 -0.272868
v -0.030000 -0.907216 -0.275201
v -0.051962 -0.928232 -0.281576
v -0.060000 -0.956940 -0.290285
v -0.051962 -0.985649 -0.298993
v -0.030000 -1.006664 -0.305368
v 0.000000 -0.979312 -0.405644
v 0.030000 -0.971886 -0.402568
v 0.051962 -0.951596 -0.394164
v 0.060000 -0.923880 -0.382683
v 0.051962 -0.896163 -0.371203
v 0.030000 -0.875873 -0.362799
v 0.000000 -0.868447 -0.359722
v -0.030000 -0.875873 -0.362799
v -0.051962 -0.896163 -0.371203
v -0.060000 -0.923880 -0.382683
v -0.051962 -0.951596 -0.394164
v -0.030000 -0.971886 -0.402568
v 0.000000 -0.934837 -0.499681
v 0.030000 -0.927747 -0.495891
v 0.051962 -0.908379 -0.485539
v 0.060000 -0.881921 -0.471397
v 0.051962 -0.855464 -0.457255
v 0.030000 -0.836095 -0.446902
v 0.000000 -0.829006 -0.443113
v -0.030000 -0.836095 -0.446902
v -0.051962 -0.855464 -0.457255
v -0.060000 -0.881921 -0.471397
v -0.051962 -0.908379 -0.485539
v -0.030000 -0.927747 -0.495891
v 0.000000 -0.881358 -0.588904
v 0.030000 -0.874674 -0.584439
v 0.051962 -0.856414 -0.572237
v 0.060000 -0.831470 -0.555570
v 0.051962 -0.806526 -0.538903
v 0.030000 -0.788265 -0.526702
v 0.000000 -0.781581 -0.522236
v -0.030000 -0.788265 -0.526702
v -0.051962 -0.806526 -0.538903
v -0.060000 -0.831470 -0.555570
v -0.051962 -0.856414 -0.572237
v -0.030000 -0.874674 -0.584439
v 0.000000 -0.819391 -0.672457
v 0.030000 -0.813177 -0.667357
v 0.051962 -0.796201 -0.653425
v 0.060000 -0.773010 -0.634393
v 0.051962 -0.749820 -0.615361
v 0.030000 -0.732844 -0.601429
v 0.000000 -0.726630 -0.596330
v -0.030000 -0.732844 -0.601429
v -0.051962 -0.749820 -0.615361
v -0.060000 -0.773010 -0.634393
v -0.051962 -0.796201 -0.653425
v -0.030000 -0.813177 -0.667357
v 0.000000 -0.749533 -0.749533
v 0.030000 -0.743849 -0.743849
v 0.051962 -0.728320 -0.728320
v 0.060000 -0.707107 -0.707107
v 0.051962 -0.685894 -0.685894
v 0.030000 -0.670364 -0.670364
v 0.000000 -0.664680 -0.664680
v -0.030000 -0.670364 -0.670364
v -0.051962 -0.685894 -0.685894
v -0.060000 -0.707107 -0.707107
v -0.051962 -0.728320 -0.728320
v -0.030000 -0.743849 -0.743849
v 0.000000 -0.672457 -0.819391
v 0.030000 -0.667357 -0.813177
v 0.051962 -0.653425 -0.796201
v 0.060000 -0.634393 -0.773010
v 0.051962 -0.615361 -0.749820
v 0.030000 -0.601429 -0.732844
v 0.000000 -0.596330 -0.726630
v -0.030000 -0.601429 -0.732844
v -0.051962 -0.615361 -0.749820
v -0.060000 -0.634393 -0.773010
v -0.051962 -0.653425 -0.796201
v -0.030000 -0.667357 -0.813177
v 0.000000 -0.588904 -0.881358
v 0.030000 -0.584439 -0.874674
v 0.051962 -0.572237 -0.856414
v 0.060000 -0.555570 -0.831470
v 0.051962 -0.538903 -0.806526
v 0.030000 -0.526702 -0.788265
v 0.000000 -0.522236 -0.781581
v -0.030000 -0.526702 -0.788265
v -0.051962 -0.538903 -0.806526
v -0.060000 -0.555570 -0.831470
v -0.051962 -0.572237 -0.856414
v -0.030000 -0.584439 -0.874674
v 0.000000 -0.499681 -0.934837
v 0.030000 -0.495891 -0.927747
v 0.051962 -0.485539 -0.908379
v 0.060000 -0.471397 -0.881921
v 0.051962 -0.457255 -0.855464
v 0.030000 -0.446902 -0.836095
v 0.000000 -0.443113 -0.829006
v -0.030000 -0.446902 -0.836095
v -0.051962 -0.457255 -0.855464
v -0.060000 -0.471397 -0.881921
v -0.051962 -0.485539 -0.908379
v -0.030000 -0.495891 -0.927747
v 0.000000 -0.405644 -0.979312
v 0.030000 -0.402568 -0.971886
v 0.051962 -0.394164 -0.951596
v 0.060000 -0.382683 -0.923880
v 0.051962 -0.371203 -0.896163
v 0.030000 -0.362799 -0.875873
v 0.000000 -0.359722 -0.868447
v -0.030000 -0.362799 -0.875873
v -0.051962 -0.371203 -0.896163
v -0.060000 -0.382683 -0.923880
v -0.051962 -0.394164 -0.951596
v -0.030000 -0.402568 -0.971886
v 0.000000 -0.307702 -1.014357
v 0.030000 -0.305368 -1.006664
v 0.051962 -0.298993 -0.985649
v 0.060000 -0.290285 -0.956940
v 0.051962 -0.281576 -0.928232
v 0.030000 -0.275201 -0.907216
v 0.000000 -0.272868 -0.899524
v -0.030000 -0.275201 -0.907216
v -0.051962 -0.281576 -0.928232
v -0.060000 -0.290285 -0.956940
v -0.051962 -0.298993 -0.985649
v -0.030000 -0.305368 -1.006664
v 0.000000 -0.206796 -1.039632
v 0.030000 -0.205228 -1.031748
v 0.051962 -0.200943 -1.010209
v 0.060000 -0.195090 -0.980785
v 0.051962 -0.189238 -0.951362
v 0.030000 -0.184953 -0.929822
v 0.000000 -0.183385 -0.921938
v -0.030000 -0.184953 -0.929822
v -0.051962 -0.189238 -0.951362
v -0.060000 -0.195090 -0.980785
v -0.051962 -0.200943 -1.010209
v -0.030000 -0.205228 -1.031748
v 0.000000 -0.103898 -1.054896
v 0.030000 -0.103110 -1.046896
v 0.051962 -0.100958 -1.025040
v 0.060000 -0.098017 -0.995185
v 0.051962 -0.095077 -0.965329
v 0.030000 -0.092924 -0.943473
v 0.000000 -0.092136 -0.935474
v -0.030000 -0.092924 -0.943473
v -0.051962 -0.095077 -0.965329
v -0.060000 -0.098017 -0.995185
v -0.051962 -0.100958 -1.025040
v -0.030000 -0.103110 -1.046896
v 0.000000 -0.000000 -1.060000
v 0.030000 -0.000000 -1.051962
v 0.051962 -0.000000 -1.030000
v 0.060000 -0.000000 -1.000000
v 0.051962 -0.000000 -0.970000
v 0.030000 -0.000000 -0.948038
v 0.000000 -0.000000 -0.940000
v -0.030000 -0.000000 -0.948038
v -0.051962 -0.000000 -0.970000
v -0.060000 -0.000000 -1.000000
v -0.051962 -0.000000 -1.030000
v -0.030000 -0.000000 -1.051962
v 0.000000 0.103898 -1.054896
v 0.030000 0.103110 -1.046896
v 0.051962 0.100958 -1.025040
v 0.060000 0.098017 -0.995185
v 0.051962 0.095077 -0.965329
v 0.030000 0.092924 -0.943473
v 0.000000 0.092136 -0.935474
v -0.030000 0.092924 -0.943473
v -0.051962 0.095077 -0.965329
v -0.060000 0.098017 -0.995185
v -0.051962 0.100958 -1.025040
v -0.030000 0.103110 -1.046896
v 0.000000 0.206796 -1.039632
v 0.030000 0.205228 -1.031748
v 0.051962 0.200943 -1.010209
v 0.060000 0.195090 -0.980785
v 0.051962 0.189238 -0.951362
v 0.030000 0.184953 -0.929822
v 0.000000 0.183385 -0.921938
v -0.030000 0.184953 -0.929822
v -0.051962 0.189238 -0.951362
v -0.060000 0.195090 -0.980785
v -0.051962 0.200943 -1.010209
v -0.030000 0.205228 -1.031748
v 0.000000 0.307702 -1.014357
v 0.030000 0.305368 -1.006664
v 0.051962 0.298993 -0.985649
v 0.060000 0.290285 -0.956940
v 0.051962 0.281576 -0.928232
v 0.030000 0.275201 -0.907216
v 0.000000 0.272868 -0.899524
v -0.030000 0.275201 -0.907216
v -0.051962 0.281576 -0.928232
v -0.060000 0.290285 -0.956940
v -0.051962 0.298993 -0.985649
v -0.030000 0.305368 -1.006664
v 0.000000 0.405644 -0.979312
v 0.030000 0.402568 -0.971886
v 0.051962 0.394164 -0.951596
v 0.060000 0.382683 -0.923880
v 0.051962 0.371203 -0.896163
v 0.030000 0.362799 -0.875873
v 0.000000 0.359722 -0.868447
v -0.030000 0.362799 -0.875873
v -0.051962 0.371203 -0.896163
v -0.060000 0.382683 -0.923880
v -0.051962 0.394164 -0.951596
v -0.030000 0.402568 -0.971886
v 0.000000 0.499681 -0.934837
v 0.030000 0.495891 -0.927747
v 0.051962 0.485539 -0.908379
v 0.060000 0.471397 -0.881921
v 0.051962 0.457255 -0.855464
v 0.030000 0.446902 -0.836095
v 0.000000 0.443113 -0.829006
v -0.030000 0.446902 -0.836095
v -0.051962 0.457255 -0.855464
v -0.060000 0.471397 -0.881921
v -0.051962 0.485539 -0.908379
v -0.030000 0.495891 -0.927747
v 0.000000 0.588904 -0.881358
v 0.030000 0.584439 -0.874674
v 0.051962 0.572237 -0.856414
v 0.060000 0.555570 -0.831470
v 0.051962 0.538903 -0.806526
v 0.030000 0.526702 -0.788265
v 0.000000 0.522236 -0.781581
v -0.030000 0.526702 -0.788265
v -0.051962 0.538903 -0.806526
v -0.060000 0.555570 -0.831470
v -0.051962 0.572237 -0.856414
v -0.030000 0.584439 -0.874674
v 0.000000 0.672457 -0.819391
v 0.030000 0.667357 -0.813177
v 0.051962 0.653425 -0.796201
v 0.060000 0.634393 -0.773010
v 0.051962 0.615361 -0.749820
v 0.030000 0.601429 -0.732844
v 0.000000 0.596330 -0.726630
v -0.030000 0.601429 -0.732844
v -0.051962 0.615361 -0.749820
v -0.060000 0.634393 -0.773010
v -0.051962 0.653425 -0.796201
v -0.030000 0.667357 -0.813177
v 0.000000 0.749533 -0.749533
v 0.030000 0.743849 -0.743849
v 0.051962 0.728320 -0.728320
v 0.060000 0.707107 -0.707107
v 0.051962 0.685894 -0.685894
v 0.030000 0.670364 -0.670364
v 0.000000 0.664680 -0.664680
v -0.030000 0.670364 -0.670364
v -0.051962 0.685894 -0.685894
v -0.060000 0.707107 -0.707107
v -0.051962 0.728320 -0.728320
v -0.030000 0.743849 -0.743849
v 0.000000 0.819391 -0.672457
v 0.030000 0.813177 -0.667357
v 0.051962 0.796201 -0.653425
v 0.060000 0.773010 -0.634393
v 0.051962 0.749820 -0.615361
v 0.030000 0.732844 -0.601429
v 0.000000 0.726630 -0.596330
v -0.030000 0.732844 -0.601429
v -0.051962 0.749820 -0.615361
v -0.060000 0.773010 -0.634393
v -0.051962 0.796201 -0.653425
v -0.030000 0.813177 -0.667357
v 0.000000 0.881358 -0.588904
v 0.030000 0.874674 -0.584439
v 0.051962 0.856414 -0.572237
v 0.060000 0.831470 -0.555570
v 0.051962 0.806526 -0.538903
v 0.030000 0.788265 -0.526702
v 0.000000 0.781581 -0.522236
v -0.030000 0.788265 -0.526702
v -0.051962 0.806526 -0.538903
v -0.060000 0.831470 -0.555570
v -0.051962 0.856414 -0.572237
v -0.030000 0.874674 -0.584439
v 0.000000 0.934837 -0.499681
v 0.030000 0.927747 -0.495891
v 0.051962 0.908379 -0.485539
v 0.060000 0.881921 -0.471397
v 0.051962 0.855464 -0.457255
v 0.030000 0.836095 -0.446902
v 0.000000 0.829006 -0.443113
v -0.030000 0.836095 -0.446902
v -0.051962 0.855464 -0.457255
v -0.060000 0.881921 -0.471397
v -0.051962 0.908379 -0.485539
v -0.030000 0.927747 -0.495891
v 0.000000 0.979312 -0.405644
v 0.030000 0.971886 -0.402568
v 0.051962 0.951596 -0.394164
v 0.060000 0.923880 -0.382683
v 0.051962 0.896163 -0.371203
v 0.030000 0.875873 -0.362799
v 0.000000 0.868447 -0.359722
v -0.030000 0.875873 -0.362799
v -0.051962 0.896163 -0.371203
v -0.060000 0.923880 -0.382683
v -0.051962 0.951596 -0.394164
v -0.030000 0.971886 -0.402568
v 0.000000 1.014357 -0.307702
v 0.030000 1.006664 -0.305368
v 0.051962 0.985649 -0.298993
v 0.060000 0.956940 -0.290285
v 0.051962 0.928232 -0.281576
v 0.030000 0.907216 -0.275201
v 0.000000 0.899524 -0.272868
v -0.030000 0.907216 -0.275201
v -0.051962 0.928232 -0.281576
v -0.060000 0.956940 -0.290285
v -0.051962 0.985649 -0.298993
v -0.030000 1.006664 -0.305368
v 0.000000 1.039632 -0.206796
v 0.030000 1.031748 -0.205228
v 0.051962 1.010209 -0.200943
v 0.060000 0.980785 -0.195090
v 0.051962 0.951362 -0.189238
v 0.030000 0.929822 -0.184953
v 0.000000 0.921938 -0.183385
v -0.030000 0.929822 -0.184953
v -0.051962 0.951362 -0.189238
v -0.060000 0.980785 -0.195090
v -0.051962 1.010209 -0.200943
v -0.030000 1.031748 -0.205228
v 0.000000 1.054896 -0.103898
v 0.030000 1.046896 -0.103110
v 0.051962 1.025040 -0.100958
v 0.060000 0.995185 -0.098017
v 0.051962 0.965329 -0.095077
v 0.030000 0.943473 -0.092924
v 0.000000 0.935474 -0.092136
v -0.030000 0.943473 -0.092924
v -0.051962 0.965329 -0.095077
v -0.060000 0.995185 -0.098017
v -0.051962 1.025040 -0.100958
v -0.030000 1.046896 -0.103110
vt 0.000000 0.000000
vt 0.000000 0.083333
vt 0.000000 0.166667
vt 0.000000 0.250000
vt 0.000000 0.333333
vt 0.000000 0.416667
vt 0.000000 0.500000
vt 0.000000 0.583333
vt 0.000000 0.666667
vt 0.000000 0.750000
vt 0.000000 0.833333
vt 0.000000 0.916667
vt 0.000000 1.000000
vt 0.015625 0.000000
vt 0.015625 0.083333
vt 0.015625 0.166667
vt 0.015625 0.250000
vt 0.015625 0.333333
vt 0.015625 0.416667
vt 0.015625 0.500000
vt 0.015625 0.583333
vt 0.015625 0.666667
vt 0.015625 0.750000
vt 0.015625 0.833333
vt 0.015625 0.916667
vt 0.015625 1.000000
vt 0.031250 0.000000
vt 0.031250 0.083333
vt 0.031250 0.166667
vt 0.031250 0.250000
vt 0.031250 0.333333
vt 0.031250 0.416667
vt 0.031250 0.500000
vt 0.031250 0.583333
vt 0.031250 0.666667
vt 0.031250 0.750000
vt 0.031250 0.833333
vt 0.031250 0.916667
vt 0.031250 1.000000
vt 0.046875 0.000000
vt 0.046875 0.083333
vt 0.046875 0.166667
vt 0.046875 0.250000
vt 0.046875 0.333333
vt 0.046875 0.416667
vt 0.046875 0.500000
vt 0.046875 0.583333
vt 0.046875 0.666667
vt 0.046875 0.750000
vt 0.046875 0.833333
vt 0.046875 0.916667
vt 0.046875 1.000000
vt 0.062500 0.000000
vt 0.062500 0.083333
vt 0.062500 0.166667
vt 0.062500 0.250000
vt 0.062500 0.333333
vt 0.062500 0.416667
vt 0.062500 0.500000
vt 0.062500 0.583333
vt 0.062500 0.666667
vt 0.062500 0.750000
vt 0.062500 0.833333
vt 0.062500 0.916667
vt 0.062500 1.000000
vt 0.078125 0.000000
vt 0.078125 0.083333
vt 0.078125 0.166667
vt 0.078125 0.250000
vt 0.078125 0.333333
vt 0.078125 0.416667
vt 0.078125 0.500000
vt 0.078125 0.583333
vt 0.078125 0.666667
vt 0.078125 0.750000
vt 0.078125 0.833333
vt 0.078125 0.916667
vt 0.078125 1.000000
vt 0.093750 0.000000
vt 0.093750 0.083333
vt 0.093750 0.166667
vt 0.093750 0.250000
vt 0.093750 0.333333
vt 0.093750 0.416667
vt 0.093750 0.500000
vt 0.093750 0.583333
vt 0.093750 0.666667
vt 0.093750 0.750000
vt 0.093750 0.833333
vt 0.093750 0.916667
vt 0.093750 1.000000
vt 0.109375 0.000000
vt 0.109375 0.083333
vt 0.109375 0.166667
vt 0.109375 0.250000
vt 0.109375 0.333333
vt 0.109375 0.416667
vt 0.109375 0.500000
vt 0.109375 0.583333
vt 0.109375 0.666667
vt 0.109375 0.750000
vt 0.109375 0.833333
vt 0.109375 0.916667
vt 0.109375 1.000000
vt 0.125000 0.000000
vt 0.125000 0.083333
vt 0.125000 0.166667
vt 0.125000 0.250000
vt 0.125000 0.333333
vt 0.125000 0.416667
vt 0.125000 0.500000
vt 0.125000 0.583333
vt 0.125000 0.666667
vt 0.125000 0.750000
vt 0.125000 0.833333
vt 0.125000 0.916667
vt 0.125000 1.000000
vt 0.140625 0.000000
vt 0.140625 0.083333
vt 0.140625 0.166667
vt 0.140625 0.250000
vt 0.140625 0.333333
vt 0.140625 0.416667
vt 0.140625 0.500000
vt 0.140625 0.583333
vt 0.140625 0.666667
vt 0.140625 0.750000
vt 0.140625 0.833333
vt 0.140625 0.916667
vt 0.140625 1.000000
vt 0.156250 0.000000
vt 0.156250 0.083333
vt 0.156250 0.166667
vt 0.156250 0.250000
vt 0.156250 0.333333
vt 0.156250 0.416667
vt 0.156250 0.500000
vt 0.156250 0.583333
vt 0.156250 0.666667
vt 0.156250 0.750000
vt 0.156250 0.833333
vt 0.156250 0.916667
vt 0.156250 1.000000
vt 0.171875 0.000000
vt 0.171875 0.083333
vt 0.171875 0.166667
vt 0.171875 0.250000
vt 0.171875 0.333333
vt 0.171875 0.416667
vt 0.171875 0.500000
vt 0.171875 0.583333
vt 0.171875 0.666667
vt 0.171875 0.750000
vt 0.171875 0.833333
vt 0.171875 0.916667
vt 0.171875 1.000000
vt 0.187500 0.000000
vt 0.187500 0.083333
vt 0.187500 0.166667
vt 0.187500 0.250000
vt 0.187500 0.333333
vt 0.187500 0.416667
vt 0.187500 0.500000
vt 0.187500 0.583333
vt 0.187500 0.666667
vt 0.187500 0.750000
vt 0.187500 0.833333
vt 0.187500 0.916667
vt 0.187500 1.000000
vt 0.203125 0.000000
vt 0.203125 0.083333
vt 0.203125 0.166667
vt 0.203125 0.250000
vt 0.203125 0.333333
vt 0.203125 0.416667
vt 0.203125 0.500000
vt 0.203125 0.583333
vt 0.203125 0.666667
vt 0.203125 0.750000
vt 0.203125 0.833333
vt 0.203125 0.916667
vt 0.203125 1.000000
vt 0.218750 0.000000
vt 0.218750 0.083333
vt 0.218750 0.166667
vt 0.218750 0.250000
vt 0.218750 0.333333
vt 0.218750 0.416667
vt 0.218750 0.500000
vt 0.218750 0.583333
vt 0.218750 0.666667
vt 0.218750 0.750000
vt 0.218750 0.833333
vt 0.218750 0.916667
vt 0.218750 1.000000
vt 0.234375 0.000000
vt 0.234375 0.083333
vt 0.234375 0.166667
vt 0.234375 0.250000
vt 0.234375 0.333333
vt 0.234375 0.416667
vt 0.234375 0.500000
vt 0.234375 0.583333
vt 0.234375 0.666667
vt 0.234375 0.750000
vt 0.234375 0.833333
vt 0.234375 0.916667
vt 0.234375 1.000000
vt 0.250000 0.000000
vt 0.250000 0.083333
vt 0.250000 0.166667
vt 0.250000 0.250000
vt 0.250000 0.333333
vt 0.250000 0.416667
vt 0.250000 0.500000
vt 0.250000 0.583333
vt 0.250000 0.666667
vt 0.250000 0.750000
vt 0.250000 0.833333
vt 0.250000 0.916667
vt 0.250000 1.000000
vt 0.265625 0.000000
vt 0.265625 0.083333
vt 0.265625 0.166667
vt 0.265625 0.250000
vt 0.265625 0.333333
vt 0.265625 0.416667
vt 0.265625 0.500000
vt 0.265625 0.583333
vt 0.265625 0.666667
vt 0.265625 0.750000
vt 0.265625 0.833333
vt 0.265625 0.916667
vt 0.265625 1.000000
vt 0.281250 0.000000
vt 0.281250 0.083333
vt 0.281250 0.166667
vt 0.281250 0.250000
vt 0.281250 0.333333
vt 0.281250 0.416667
vt 0.281250 0.500000
vt 0.281250 0.583333
vt 0.281250 0.666667
vt 0.281250 0.750000
vt 0.281250 0.833333
vt 0.281250 0.916667
vt 0.281250 1.000000
vt 0.296875 0.000000
vt 0.296875 0.083333
vt 0.296875 0.166667
vt 0.296875 0.250000
vt 0.296875 0.333333
vt 0.296875 0.416667
vt 0.296875 0.500000
vt 0.296875 0.583333
vt 0.296875 0.666667
vt 0.296875 0.750000
vt 0.296875 0.833333
vt 0.296875 0.916667
vt 0.296875 1.000000
vt 0.312500 0.000000
vt 0.312500 0.083333
vt 0.312500 0.166667
vt 0.312500 0.250000
vt 0.312500 0.333333
vt 0.312500 0.416667
vt 0.312500 0.500000
vt 0.312500 0.583333
vt 0.312500 0.666667
vt 0.312500 0.750000
vt 0.312500 0.833333
vt 0.312500 0.916667
vt 0.312500 1.000000
vt 0.328125 0.000000
vt 0.328125 0.083333
vt 0.328125 0.166667
vt 0.328125 0.250000
vt 0.328125 0.333333
vt 0.328125 0.416667
vt 0.328125 0.500000
vt 0.328125 0.583333
vt 0.328125 0.666667
vt 0.328125 0.750000
vt 0.328125 0.833333
vt 0.328125 0.916667
vt 0.328125 1.000000
vt 0.343750 0.000000
vt 0.343750 0.083333
vt 0.343750 0.166667
vt 0.343750 0.250000
vt 0.343750 0.333333
vt 0.343750 0.416667
vt 0.343750 0.500000
vt 0.343750 0.583333
vt 0.343750 0.666667
vt 0.343750 0.750000
vt 0.343750 0.833333
vt 0.343750 0.916667
vt 0.343750 1.000000
vt 0.359375 0.000000
vt 0.359375 0.083333
vt 0.359375 0.166667
vt 0.359375 0.250000
vt 0.359375 0.333333
vt 0.359375 0.416667
vt 0.359375 0.500000
vt 0.359375 0.583333
vt 0.359375 0.666667
vt 0.359375 0.750000
vt 0.359375 0.833333
vt 0.359375 0.916667
vt 0.359375 1.000000
vt 0.375000 0.000000
vt 0.375000 0.083333
vt 0.375000 0.166667
vt 0.375000 0.250000
vt 0.375000 0.333333
vt 0.375000 0.416667
vt 0.375000 0.500000
vt 0.375000 0.583333
vt 0.375000 0.666667
vt 0.375000 0.750000
vt 0.375000 0.833333
vt 0.375000 0.916667
vt 0.375000 1.000000
vt 0.390625 0.000000
vt 0.390625 0.083333
vt 0.390625 0.166667
vt 0.390625 0.250000
vt 0.390625 0.333333
vt 0.390625 0.416667
vt 0.390625 0.500000
vt 0.390625 0.583333
vt 0.390625 0.666667
vt 0.390625 0.750000
vt 0.390625 0.833333
vt 0.390625 0.916667
vt 0.390625 1.000000
vt 0.406250 0.000000
vt 0.406250 0.083333
vt 0.406250 0.166667
vt 0.406250 0.250000
vt 0.406250 0.333333
vt 0.406250 0.416667
vt 0.406250 0.500000
vt 0.406250 0.583333
vt 0.406250 0.666667
vt 0.406250 0.750000
vt 0.406250 0.833333
vt 0.406250 0.916667
vt 0.406250 1.000000
vt 0.421875 0.000000
vt 0.421875 0.083333
vt 0.421875 0.166667
vt 0.421875 0.250000
vt 0.421875 0.333333
vt 0.421875 0.416667
vt 0.421875 0.500000
vt 0.421875 0.583333
vt 0.421875 0.666667
vt 0.421875 0.750000
vt 0.421875 0.833333
vt 0.421875 0.916667
vt 0.421875 1.000000
vt 0.437500 0.000000
vt 0.437500 0.083333
vt 0.437500 0.166667
vt 0.437500 0.250000
vt 0.437500 0.333333
vt 0.437500 0.416667
vt 0.437500 0.500000
vt 0.437500 0.583333
vt 0.437500 0.666667
vt 0.437500 0.750000
vt 0.437500 0.833333
vt 0.437500 0.916667
vt 0.437500 1.000000
vt 0.453125 0.000000
vt 0.453125 0.083333
vt 0.453125 0.166667
vt 0.453125 0.250000
vt 0.453125 0.333333
vt 0.453125 0.416667
vt 0.453125 0.500000
vt 0.453125 0.583333
vt 0.453125 0.666667
vt 0.453125 0.750000
vt 0.453125 0.833333
vt 0.453125 0.916667
vt 0.453125 1.000000
vt 0.468750 0.000000
vt 0.468750 0.083333
vt 0.468750 0.166667
vt 0.468750 0.250000
vt 0.468750 0.333333
vt 0.468750 0.416667
vt 0.468750 0.500000
vt 0.468750 0.583333
vt 0.468750 0.666667
vt 0.468750 0.750000
vt 0.468750 0.833333
vt 0.468750 0.916667
vt 0.468750 1.000000
vt 0.484375 0.000000
vt 0.484375 0.083333
vt 0.484375 0.166667
vt 0.484375 0.250000
vt 0.484375 0.333333
vt 0.484375 0.416667
vt 0.484375 0.500000
vt 0.484375 0.583333
vt 0.484375 0.666667
vt 0.484375 0.750000
vt 0.484375 0.833333
vt 0.484375 0.916667
vt 0.484375 1.000000
vt 0.500000 0.000000
vt 0.500000 0.083333
vt 0.500000 0.166667
vt 0.500000 0.250000
vt 0.500000 0.333333
vt 0.500000 0.416667
vt 0.500000 0.500000
vt 0.500000 0.583333
vt 0.500000 0.666667
vt 0.500000 0.750000
vt 0.500000 0.833333
vt 0.500000 0.916667
vt 0.500000 1.000000
vt 0.515625 0.000000
vt 0.515625 0.083333
vt 0.515625 0.166667
vt 0.515625 0.250000
vt 0.515625 0.333333
vt 0.515625 0.416667
vt 0.515625 0.500000
vt 0.515625 0.583333
vt 0.515625 0.666667
vt 0.515625 0.750000
vt 0.515625 0.833333
vt 0.515625 0.916667
vt 0.515625 1.000000
vt 0.531250 0.000000
vt 0.531250 0.083333
vt 0.531250 0.166667
vt 0.531250 0.250000
vt 0.531250 0.333333
vt 0.531250 0.416667
vt 0.531250 0.500000
vt 0.531250 0.583333
vt 0.531250 0.666667
vt 0.531250 0.750000
vt 0.531250 0.833333
vt 0.531250 0.916667
vt 0.531250 1.000000
vt 0.546875 0.000000
vt 0.546875 0.083333
vt 0.546875 0.166667
vt 0.546875 0.250000
vt 0.546875 0.333333
vt 0.546875 0.416667
vt 0.546875 0.500000
vt 0.546875 0.583333
vt 0.546875 0.666667
vt 0.546875 0.750000
vt 0.546875 0.833333
vt 0.546875 0.916667
vt 0.546875 1.000000
vt 0.562500 0.000000
vt 0.562500 0.083333
vt 0.562500 0.166667
vt 0.562500 0.250000
vt 0.562500 0.333333
vt 0.562500 0.416667
vt 0.562500 0.500000
vt 0.562500 0.583333
vt 0.562500 0.666667
vt 0.562500 0.750000
vt 0.562500 0.833333
vt 0.562500 0.916667
vt 0.562500 1.000000
vt 0.578125 0.000000
vt 0.578125 0.083333
vt 0.578125 0.166667
vt 0.578125 0.250000
vt 0.578125 0.333333
vt 0.578125 0.416667
vt 0.578125 0.500000
vt 0.578125 0.583333
vt 0.578125 0.666667
vt 0.578125 0.750000
vt 0.578125 0.833333
vt 0.578125 0.916667
vt 0.578125 1.000000
vt 0.593750 0.000000
vt 0.593750 0.083333
vt 0.593750 0.166667
vt 0.593750 0.250000
vt 0.593750 0.333333
vt 0.593750 0.416667
vt 0.593750 0.500000
vt 0.593750 0.583333
vt 0.593750 0.666667
vt 0.593750 0.750000
vt 0.593750 0.833333
vt 0.593750 0.916667
vt 0.593750 1.000000
vt 0.609375 0.000000
vt 0.609375 0.083333
vt 0.609375 0.166667
vt 0.609375 0.250000
vt 0.609375 0.333333
vt 0.609375 0.416667
vt 0.609375 0.500000
vt 0.609375 0.583333
vt 0.609375 0.666667
vt 0.609375 0.750000
vt 0.609375 0.833333
vt 0.609375 0.916667
vt 0.609375 1.000000
vt 0.625000 0.000000
vt 0.625000 0.083333
vt 0.625000 0.166667
vt 0.625000 0.250000
vt 0.625000 0.333333
vt 0.625000 0.416667
vt 0.625000 0.500000
vt 0.625000 0.583333
vt 0.625000 0.666667
vt 0.625000 0.750000
vt 0.625000 0.833333
vt 0.625000 0.916667
vt 0.625000 1.000000
vt 0.640625 0.000000
vt 0.640625 0.083333
vt 0.640625 0.166667
vt 0.640625 0.250000
vt 0.640625 0.333333
vt 0.640625 0.416667
vt 0.640625 0.500000
vt 0.640625 0.583333
vt 0.640625 0.666667
vt 0.640625 0.750000
vt 0.640625 0.833333
vt 0.640625 0.916667
vt 0.640625 1.000000
vt 0.656250 0.000000
vt 0.656250 0.083333
vt 0.656250 0.166667
vt 0.656250 0.250000
vt 0.656250 0.333333
vt 0.656250 0.416667
vt 0.656250 0.500000
vt 0.656250 0.583333
vt 0.656250 0.666667
vt 0.656250 0.750000
vt 0.656250 0.833333
vt 0.656250 0.916667
vt 0.656250 1.000000
vt 0.671875 0.000000
vt 0.671875 0.083333
vt 0.671875 0.166667
vt 0.671875 0.250000
vt 0.671875 0.333333
vt 0.671875 0.416667
vt 0.671875 0.500000
vt 0.671875 0.583333
vt 0.671875 0.666667
vt 0.671875 0.750000
vt 0.671875 0.833333
vt 0.671875 0.916667
vt 0.671875 1.000000
vt 0.687500 0.000000
vt 0.687500 0.083333
vt 0.687500 0.166667
vt 0.687500 0.250000
vt 0.687500 0.333333
vt 0.687500 0.416667
vt 0.687500 0.500000
vt 0.687500 0.583333
vt 0.687500 0.666667
vt 0.687500 0.750000
vt 0.687500 0.833333
vt 0.687500 0.916667
vt 0.687500 1.000000
vt 0.703125 0.000000
vt 0.703125 0.083333
vt 0.703125 0.166667
vt 0.703125 0.250000
vt 0.703125 0.333333
vt 0.703125 0.416667
vt 0.703125 0.500000
vt 0.703125 0.583333
vt 0.703125 0.666667
vt 0.703125 0.750000
vt 0.703125 0.833333
vt 0.703125 0.916667
vt 0.703125 1.000000
vt 0.718750 0.000000
vt 0.718750 0.083333
vt 0.718750 0.166667
vt 0.718750 0.250000
vt 0.718750 0.333333
vt 0.718750 0.416667
vt 0.718750 0.500000
vt 0.718750 0.583333
vt 0.718750 0.666667
vt 0.718750 0.750000
vt 0.718750 0.833333
vt 0.718750 0.916667
vt 0.718750 1.000000
vt 0.734375 0.000000
vt 0.734375 0.083333
vt 0.734375 0.166667
vt 0.734375 0.250000
vt 0.734375 0.333333
vt 0.734375 0.416667
vt 0.734375 0.500000
vt 0.734375 0.583333
vt 0.734375 0.666667
vt 0.734375 0.750000
vt 0.734375 0.833333
vt 0.734375 0.916667
vt 0.734375 1.000000
vt 0.750000 0.000000
vt 0.750000 0.083333
vt 0.750000 0.166667
vt 0.750000 0.250000
vt 0.750000 0.333333
vt 0.750000 0.416667
vt 0.750000 0.500000
vt 0.750000 0.583333
vt 0.750000 0.666667
vt 0.750000 0.750000
vt 0.750000 0.833333
vt 0.750000 0.916667
vt 0.750000 1.000000
vt 0.765625 0.000000
vt 0.765625 0.083333
vt 0.765625 0.166667
vt 0.765625 0.250000
vt 0.765625 0.333333
vt 0.765625 0.416667
vt 0.765625 0.500000
vt 0.765625 0.583333
vt 0.765625 0.666667
vt 0.765625 0.750000
vt 0.765625 0.833333
vt 0.765625 0.916667
vt 0.765625 1.000000
vt 0.781250 0.000000
vt 0.781250 0.083333
vt 0.781250 0.166667
vt 0.781250 0.250000
vt 0.781250 0.333333
vt 0.781250 0.416667
vt 0.781250 0.500000
vt 0.781250 0.583333
vt 0.781250 0.666667
vt 0.781250 0.750000
vt 0.781250 0.833333
vt 0.781250 0.916667
vt 0.781250 1.000000
vt 0.796875 0.000000
vt 0.796875 0.083333
vt 0.796875 0.166667
vt 0.796875 0.250000
vt 0.796875 0.333333
vt 0.796875 0.416667
vt 0.796875 0.500000
vt 0.796875 0.583333
vt 0.796875 0.666667
vt 0.796875 0.750000
vt 0.796875 0.833333
vt 0.796875 0.916667
vt 0.796875 1.000000
vt 0.812500 0.000000
vt 0.812500 0.083333
vt 0.812500 0.166667
vt 0.812500 0.250000
vt 0.812500 0.333333
vt 0.812500 0.416667
vt 0.812500 0.500000
vt 0.812500 0.583333
vt 0.812500 0.666667
vt 0.812500 0.750000
vt 0.812500 0.833333
vt 0.812500 0.916667
vt 0.812500 1.000000
vt 0.828125 0.000000
vt 0.828125 0.083333
vt 0.828125 0.166667
vt 0.828125 0.250000
vt 0.828125 0.333333
vt 0.828125 0.416667
vt 0.828125 0.500000
vt 0.828125 0.583333
vt 0.828125 0.666667
vt 0.828125 0.750000
vt 0.828125 0.833333
vt 0.828125 0.916667
vt 0.828125 1.000000
vt 0.843750 0.000000
vt 0.843750 0.083333
vt 0.843750 0.166667
vt 0.843750 0.250000
vt 0.843750 0.333333
vt 0.843750 0.416667
vt 0.843750 0.500000
vt 0.843750 0.583333
vt 0.843750 0.666667
vt 0.843750 0.750000
vt 0.843750 0.833333
vt 0.843750 0.916667
vt 0.843750 1.000000
vt 0.859375 0.000000
vt 0.859375 0.083333
vt 0.859375 0.166667
vt 0.859375 0.250000
vt 0.859375 0.333333
vt 0.859375 0.416667
vt 0.859375 0.500000
vt 0.859375 0.583333
vt 0.859375 0.666667
vt 0.859375 0.750000
vt 0.859375 0.833333
vt 0.859375 0.916667
vt 0.859375 1.000000
vt 0.875000 0.000000
vt 0.875000 0.083333
vt 0.875000 0.166667
vt 0.875000 0.250000
vt 0.875000 0.333333
vt 0.875000 0.416667
vt 0.875000 0.500000
vt 0.875000 0.583333
vt 0.875000 0.666667
vt 0.875000 0.750000
vt 0.875000 0.833333
vt 0.875000 0.916667
vt 0.875000 1.000000
vt 0.890625 0.000000
vt 0.890625 0.083333
vt 0.890625 0.166667
vt 0.890625 0.250000
vt 0.890625 0.333333
vt 0.890625 0.416667
vt 0.890625 0.500000
vt 0.890625 0.583333
vt 0.890625 0.666667
vt 0.890625 0.750000
vt 0.890625 0.833333
vt 0.890625 0.916667
vt 0.890625 1.000000
vt 0.906250 0.000000
vt 0.906250 0.083333
vt 0.906250 0.166667
vt 0.906250 0.250000
vt 0.906250 0.333333
vt 0.906250 0.416667
vt 0.906250 0.500000
vt 0.906250 0.583333
vt 0.906250 0.666667
vt 0.906250 0.750000
vt 0.906250 0.833333
vt 0.906250 0.916667
vt 0.906250 1.000000
vt 0.921875 0.000000
vt 0.921875 0.083333
vt 0.921875 0.166667
vt 0.921875 0.250000
vt 0.921875 0.333333
vt 0.921875 0.416667
vt 0.921875 0.500000
vt 0.921875 0.583333
vt 0.921875 0.666667
vt 0.921875 0.750000
vt 0.921875 0.833333
vt 0.921875 0.916667
vt 0.921875 1.000000
vt 0.937500 0.000000
vt 0.937500 0.083333
vt 0.937500 0.166667
vt 0.937500 0.250000
vt 0.937500 0.333333
vt 0.937500 0.416667
vt 0.937500 0.500000
vt 0.937500 0.583333
vt 0.937500 0.666667
vt 0.937500 0.750000
vt 0.937500 0.833333
vt 0.937500 0.916667
vt 0.937500 1.000000
vt 0.953125 0.000000
vt 0.953125 0.083333
vt 0.953125 0.166667
vt 0.953125 0.250000
vt 0.953125 0.333333
vt 0.953125 0.416667
vt 0.953125 0.500000
vt 0.953125 0.583333
vt 0.953125 0.666667
vt 0.953125 0.750000
vt 0.953125 0.833333
vt 0.953125 0.916667
vt 0.953125 1.000000
vt 0.968750 0.000000
vt 0.968750 0.083333
vt 0.968750 0.166667
vt 0.968750 0.250000
vt 0.968750 0.333333
vt 0.968750 0.416667
vt 0.968750 0.500000
vt 0.968750 0.583333
vt 0.968750 0.666667
vt 0.968750 0.750000
vt 0.968750 0.833333
vt 0.968750 0.916667
vt 0.968750 1.000000
vt 0.984375 0.000000
vt 0.984375 0.083333
vt 0.984375 0.166667
vt 0.984375 0.250000
vt 0.984375 0.333333
vt 0.984375 0.416667
vt 0.984375 0.500000
vt 0.984375 0.583333
vt 0.984375 0.666667
vt 0.984375 0.750000
vt 0.984375 0.833333
vt 0.984375 0.916667
vt 0.984375 1.000000
vt 1.000000 0.000000
vt 1.000000 0.083333
vt 1.000000 0.166667
vt 1.000000 0.250000
vt 1.000000 0.333333
vt 1.000000 0.416667
vt 1.000000 0.500000
vt 1.000000 0.583333
vt 1.000000 0.666667
vt 1.000000 0.750000
vt 1.000000 0.833333
vt 1.000000 0.916667
vt 1.000000 1.000000
vn 0.000000 1.000000 0.000000
vn 0.500000 0.866025 0.000000
vn 0.866025 0.500000 0.000000
vn 1.000000 0.000000 0.000000
vn 0.866025 -0.500000 -0.000000
vn 0.500000 -0.866025 -0.000000
vn 0.000000 -1.000000 -0.000000
vn -0.500000 -0.866025 -0.000000
vn -0.866025 -0.500000 -0.000000
vn -1.000000 -0.000000 -0.000000
vn -0.866025 0.500000 0.000000
vn -0.500000 0.866025 0.000000
vn 0.000000 0.995185 0.098017
vn 0.500000 0.861855 0.084885
vn 0.866025 0.497592 0.049009
vn 1.000000 0.000000 0.000000
vn 0.866025 -0.497592 -0.049009
vn 0.500000 -0.861855 -0.084885
vn 0.000000 -0.995185 -0.098017
vn -0.500000 -0.861855 -0.084885
vn -0.866025 -0.497592 -0.049009
vn -1.000000 -0.000000 -0.000000
vn -0.866025 0.497592 0.049009
vn -0.500000 0.861855 0.084885
vn 0.000000 0.980785 0.195090
vn 0.500000 0.849385 0.168953
vn 0.866025 0.490393 0.097545
vn 1.000000 0.000000 0.000000
vn 0.866025 -0.490393 -0.097545
vn 0.500000 -0.849385 -0.168953
vn 0.000000 -0.980785 -0.195090
vn -0.500000 -0.849385 -0.168953
vn -0.866025 -0.490393 -0.097545
vn -1.000000 -0.000000 -0.000000
vn -0.866025 0.490393 0.097545
vn -0.500000 0.849385 0.168953
vn 0.000000 0.956940 0.290285
vn 0.500000 0.828735 0.251394
vn 0.866025 0.478470 0.145142
vn 1.000000 0.000000 0.000000
vn 0.866025 -0.478470 -0.145142
vn 0.500000 -0.828735 -0.251394
vn 0.000000 -0.956940 -0.290285
vn -0.500000 -0.828735 -0.251394
vn -0.866025 -0.478470 -0.145142
vn -1.000000 -0.000000 -0.000000
vn -0.866025 0.478470 0.145142
vn -0.500000 0.828735 0.251394
vn 0.000000 0.923880 0.382683
vn 0.500000 0.800103 0.331414
vn 0.866025 0.461940 0.191342
vn 1.000000 0.000000 0.000000
vn 0.866025 -0.461940 -0.191342
vn 0.500000 -0.800103 -0.331414
vn 0.000000 -0.923880 -0.382683
vn -0.500000 -0.800103 -0.331414
vn -0.866025 -0.461940 -0.191342
vn -1.000000 -0.000000 -0.000000
vn -0.866025 0.461940 0.191342
vn -0.500000 0.800103 0.331414
vn 0.000000 0.881921 0.471397
vn 0.500000 0.763766 0.408242
vn 0.866025 0.440961 0.235698
vn 1.000000 0.000000 0.000000
vn 0.866025 -0.440961 -0.235698
vn 0.500000 -0.763766 -0.408242
vn 0.000000 -0.881921 -0.471397
vn -0.500000 -0.763766 -0.408242
vn -0.866025 -0.440961 -0.235698
vn -1.000000 -0.000000 -0.000000
vn -0.866025 0.440961 0.235698
vn -0.500000 0.763766 0.408242
vn 0.000000 0.831470 0.555570
vn 0.500000 0.720074 0.481138
vn 0.866025 0.415735 0.277785
vn 1.000000 0.000000 0.000000
vn 0.866025 -0.415735 -0.277785
vn 0.500000 -0.720074 -0.481138
vn 0.000000 -0.831470 -0.555570
vn -0.500000 -0.720074 -0.481138
vn -0.866025 -0.415735 -0.277785
vn -1.000000 -0.000000 -0.000000
vn -0.866025 0.415735 0.277785
vn -0.500000 0.720074 0.481138
vn 0.000000 0.773010 0.634393
vn 0.500000 0.669447 0.549401
vn 0.866025 0.386505 0.317197
vn 1.000000 0.000000 0.000000
vn 0.866025 -0.386505 -0.317197
vn 0.500000 -0.669447 -0.549401
vn 0.000000 -0.773010 -0.634393
vn -0.500000 -0.669447 -0.549401
vn -0.866025 -0.386505 -0.317197
vn -1.000000 -0.000000 -0.000000
vn -0.866025 0.386505 0.317197
vn -0.500000 0.669447 0.549401
vn 0.000000 0.707107 0.707107
vn 0.500000 0.612372 0.612372
vn 0.866025 0.353553 0.353553
vn 1.000000 0.000000 0.000000
vn 0.866025 -0.353553 -0.353553
vn 0.500000 -0.612372 -0.612372
vn 0.000000 -0.707107 -0.707107
vn -0.500000 -0.612372 -0.612372
vn -0.866025 -0.353553 -0.353553
vn -1.000000 -0.000000 -0.000000
vn -0.866025 0.353553 0.353553
vn -0.500000 0.612372 0.612372
vn 0.000000 0.634393 0.773010
vn 0.500000 0.549401 0.669447
vn 0.866025 0.317197 0.386505
vn 1.000000 0.000000 0.000000
vn 0.866025 -0.317197 -0.386505
vn 0.500000 -0.549401 -0.669447
vn 0.000000 -0.634393 -0.773010
vn -0.500000 -0.549401 -0.669447
vn -0.866025 -0.317197 -0.386505
vn -1.000000 -0.000000 -0.000000
vn -0.866025 0.317197 0.386505
vn -0.500000 0.549401 0.669447
vn 0.000000 0.555570 0.831470
vn 0.500000 0.481138 0.720074
vn 0.866025 0.277785 0.415735
vn 1.000000 0.000000 0.000000
vn 0.866025 -0.277785 -0.415735
vn 0.500000 -0.481138 -0.720074
vn 0.000000 -0.555570 -0.831470
vn -0.500000 -0.481138 -0.720074
vn -0.866025 -0.277785 -0.415735
vn -1.000000 -0.000000 -0.000000
vn -0.866025 0.277785 0.415735
vn -0.500000 0.481138 0.720074
vn 0.000000 0.471397 0.881921
vn 0.500000 0.408242 0.763766
vn 0.866025 0.235698 0.440961
vn 1.000000 0.000000 0.000000
vn 0.866025 -0.235698 -0.440961
vn 0.500000 -0.408242 -0.763766
vn 0.000000 -0.471397 -0.881921
vn -0.500000 -0.408242 -0.763766
vn -0.866025 -0.235698 -0.440961
vn -1.000000 -0.000000 -0.000000
vn -0.866025 0.235698 0.440961
vn -0.500000 0.408242 0.763766
vn 0.000000 0.382683 0.923880
vn 0.500000 0.331414 0.800103
vn 0.866025 0.191342 0.461940
vn 1.000000 0.000000 0.000000
vn 0.866025 -0.191342 -0.461940
vn 0.500000 -0.331414 -0.800103
vn 0.000000 -0.382683 -0.923880
vn -0.500000 -0.331414 -0.800103
vn -0.866025 -0.191342 -0.461940
vn -1.000000 -0.000000 -0.000000
vn -0.866025 0.191342 0.461940
vn -0.500000 0.331414 0.800103
vn 0.000000 0.290285 0.956940
vn 0.500000 0.251394 0.828735
vn 0.866025 0.145142 0.478470
vn 1.000000 0.000000 0.000000
vn 0.866025 -0.145142 -0.478470
vn 0.500000 -0.251394 -0.828735
vn 0.000000 -0.290285 -0.956940
vn -0.500000 -0.251394 -0.828735
vn -0.866025 -0.145142 -0.478470
vn -1.000000 -0.000000 -0.000000
vn -0.866025 0.145142 0.478470
vn -0.500000 0.251394 0.828735
vn 0.000000 0.195090 0.980785
vn 0.500000 0.168953 0.849385
vn 0.866025 0.097545 0.490393
vn 1.000000 0.000000 0.000000
vn 0.866025 -0.097545 -0.490393
vn 0.500000 -0.168953 -0.849385
vn 0.000000 -0.195090 -0.980785
vn -0.500000 -0.168953 -0.849385
vn -0.866025 -0.097545 -0.490393
vn -1.000000 -0.000000 -0.000000
vn -0.866025 0.097545 0.490393
vn -0.500000 0.168953 0.849385
vn 0.000000 0.098017 0.995185
vn 0.500000 0.084885 0.861855
vn 0.866025 0.049009 0.497592
vn 1.000000 0.000000 0.000000
vn 0.866025 -0.049009 -0.497592
vn 0.500000 -0.084885 -0.861855
vn 0.000000 -0.098017 -0.995185
vn -0.500000 -0.084885 -0.861855
vn -0.866025 -0.049009 -0.497592
vn -1.000000 -0.000000 -0.000000
vn -0.866025 0.049009 0.497592
vn -0.500000 0.084885 0.861855
vn 0.000000 0.000000 1.000000
vn 0.500000 0.000000 0.866025
vn 0.866025 0.000000 0.500000
vn 1.000000 0.000000 0.000000
vn 0.866025 -0.000000 -0.500000
vn 0.500000 -0.000000 -0.866025
vn 0.000000 -0.000000 -1.000000
vn -0.500000 -0.000000 -0.866025
vn -0.866025 -0.000000 -0.500000
vn -1.000000 -0.000000 -0.000000
vn -0.866025 0.000000 0.500000
vn -0.500000 0.000000 0.866025
vn 0.000000 -0.098017 0.995185
vn 0.500000 -0.084885 0.861855
vn 0.866025 -0.049009 0.497592
vn 1.000000 -0.000000 0.000000
vn 0.866025 0.049009 -0.497592
vn 0.500000 0.084885 -0.861855
vn 0.000000 0.098017 -0.995185
vn -0.500000 0.084885 -0.861855
vn -0.866025 0.049009 -0.497592
vn -1.000000 0.000000 -0.000000
vn -0.866025 -0.049009 0.497592
vn -0.500000 -0.084885 0.861855
vn 0.000000 -0.195090 0.980785
vn 0.500000 -0.168953 0.849385
vn 0.866025 -0.097545 0.490393
vn 1.000000 -0.000000 0.000000
vn 0.866025 0.097545 -0.490393
vn 0.500000 0.168953 -0.849385
vn 0.000000 0.195090 -0.980785
vn -0.500000 0.168953 -0.849385
vn -0.866025 0.097545 -0.490393
vn -1.000000 0.000000 -0.000000
vn -0.866025 -0.097545 0.490393
vn -0.500000 -0.168953 0.849385
vn 0.000000 -0.290285 0.956940
vn 0.500000 -0.251394 0.828735
vn 0.866025 -0.145142 0.478470
vn 1.000000 -0.000000 0.000000
vn 0.866025 0.145142 -0.478470
vn 0.500000 0.251394 -0.828735
vn 0.000000 0.290285 -0.956940
vn -0.500000 0.251394 -0.828735
vn -0.866025 0.145142 -0.478470
vn -1.000000 0.000000 -0.000000
vn -0.866025 -0.145142 0.478470
vn -0.500000 -0.251394 0.828735
vn 0.000000 -0.382683 0.923880
vn 0.500000 -0.331414 0.800103
vn 0.866025 -0.191342 0.461940
vn 1.000000 -0.000000 0.000000
vn 0.866025 0.191342 -0.461940
vn 0.500000 0.331414 -0.800103
vn 0.000000 0.382683 -0.923880
vn -0.500000 0.331414 -0.800103
vn -0.866025 0.191342 -0.461940
vn -1.000000 0.000000 -0.000000
vn -0.866025 -0.191342 0.461940
vn -0.500000 -0.331414 0.800103
vn 0.000000 -0.471397 0.881921
vn 0.500000 -0.408242 0.763766
vn 0.866025 -0.235698 0.440961
vn 1.000000 -0.000000 0.000000
vn 0.866025 0.235698 -0.440961
vn 0.500000 0.408242 -0.763766
vn 0.000000 0.471397 -0.881921
vn -0.500000 0.408242 -0.763766
vn -0.866025 0.235698 -0.440961
vn -1.000000 0.000000 -0.000000
vn -0.866025 -0.235698 0.440961
vn -0.500000 -0.408242 0.763766
vn 0.000000 -0.555570 0.831470
vn 0.500000 -0.481138 0.720074
vn 0.866025 -0.277785 0.415735
vn 1.000000 -0.000000 0.000000
vn 0.866025 0.277785 -0.415735
vn 0.500000 0.481138 -0.720074
vn 0.000000 0.555570 -0.831470
vn -0.500000 0.481138 -0.720074
vn -0.866025 0.277785 -0.415735
vn -1.000000 0.000000 -0.000000
vn -0.866025 -0.277785 0.415735
vn -0.500000 -0.481138 0.720074
vn 0.000000 -0.634393 0.773010
vn 0.500000 -0.549401 0.669447
vn 0.866025 -0.317197 0.386505
vn 1.000000 -0.000000 0.000000
vn 0.866025 0.317197 -0.386505
vn 0.500000 0.549401 -0.669447
vn 0.000000 0.634393 -0.773010
vn -0.500000 0.549401 -0.669447
vn -0.866025 0.317197 -0.386505
vn -1.000000 0.000000 -0.000000
vn -0.866025 -0.317197 0.386505
vn -0.500000 -0.549401 0.669447
vn 0.000000 -0.707107 0.707107
vn 0.500000 -0.612372 0.612372
vn 0.866025 -0.353553 0.353553
vn 1.000000 -0.000000 0.000000
vn 0.866025 0.353553 -0.353553
vn 0.500000 0.612372 -0.612372
vn 0.000000 0.707107 -0.707107
vn -0.500000 0.612372 -0.612372
vn -0.866025 0.353553 -0.353553
vn -1.000000 0.000000 -0.000000
vn -0.866025 -0.353553 0.353553
vn -0.500000 -0.612372 0.612372
vn 0.000000 -0.773010 0.634393
vn 0.500000 -0.669447 0.549401
vn 0.866025 -0.386505 0.317197
vn 1.000000 -0.000000 0.000000
vn 0.866025 0.386505 -0.317197
vn 0.500000 0.669447 -0.549401
vn 0.000000 0.773010 -0.634393
vn -0.500000 0.669447 -0.549401
vn -0.866025 0.386505 -0.317197
vn -1.000000 0.000000 -0.000000
vn -0.866025 -0.386505 0.317197
vn -0.500000 -0.669447 0.549401
vn 0.000000 -0.831470 0.555570
vn 0.500000 -0.720074 0.481138
vn 0.866025 -0.415735 0.277785
vn 1.000000 -0.000000 0.000000
vn 0.866025 0.415735 -0.277785
vn 0.500000 0.720074 -0.481138
vn 0.000000 0.831470 -0.555570
vn -0.500000 0.720074 -0.481138
vn -0.866025 0.415735 -0.277785
vn -1.000000 0.000000 -0.000000
vn -0.866025 -0.415735 0.277785
vn -0.500000 -0.720074 0.481138
vn 0.000000 -0.881921 0.471397
vn 0.500000 -0.763766 0.408242
vn 0.866025 -0.440961 0.235698
vn 1.000000 -0.000000 0.000000
vn 0.866025 0.440961 -0.235698
vn 0.500000 0.763766 -0.408242
vn 0.000000 0.881921 -0.471397
vn -0.500000 0.763766 -0.408242
vn -0.866025 0.440961 -0.235698
vn -1.000000 0.000000 -0.000000
vn -0.866025 -0.440961 0.235698
vn -0.500000 -0.763766 0.408242
vn 0.000000 -0.923880 0.382683
vn 0.500000 -0.800103 0.331414
vn 0.866025 -0.461940 0.191342
vn 1.000000 -0.000000 0.000000
vn 0.866025 0.461940 -0.191342
vn 0.500000 0.800103 -0.331414
vn 0.000000 0.923880 -0.382683
vn -0.500000 0.800103 -0.331414
vn -0.866025 0.461940 -0.191342
vn -1.000000 0.000000 -0.000000
vn -0.866025 -0.461940 0.191342
vn -0.500000 -0.800103 0.331414
vn 0.000000 -0.956940 0.290285
vn 0.500000 -0.828735 0.251394
vn 0.866025 -0.478470 0.145142
vn 1.000000 -0.000000 0.000000
vn 0.866025 0.478470 -0.145142
vn 0.500000 0.828735 -0.251394
vn 0.000000 0.956940 -0.290285
vn -0.500000 0.828735 -0.251394
vn -0.866025 0.478470 -0.145142
vn -1.000000 0.000000 -0.000000
vn -0.866025 -0.478470 0.145142
vn -0.500000 -0.828735 0.251394
vn 0.000000 -0.980785 0.195090
vn 0.500000 -0.849385 0.168953
vn 0.866025 -0.490393 0.097545
vn 1.000000 -0.000000 0.000000
vn 0.866025 0.490393 -0.097545
vn 0.500000 0.849385 -0.168953
vn 0.000000 0.980785 -0.195090
vn -0.500000 0.849385 -0.168953
vn -0.866025 0.490393 -0.097545
vn -1.000000 0.000000 -0.000000
vn -0.866025 -0.490393 0.097545
vn -0.500000 -0.849385 0.168953
vn 0.000000 -0.995185 0.098017
vn 0.500000 -0.861855 0.084885
vn 0.866025 -0.497592 0.049009
vn 1.000000 -0.000000 0.000000
vn 0.866025 0.497592 -0.049009
vn 0.500000 0.861855 -0.084885
vn 0.000000 0.995185 -0.098017
vn -0.500000 0.861855 -0.084885
vn -0.866025 0.497592 -0.049009
vn -1.000000 0.000000 -0.000000
vn -0.866025 -0.497592 0.049009
vn -0.500000 -0.861855 0.084885
vn 0.000000 -1.000000 0.000000
vn 0.500000 -0.866025 0.000000
vn 0.866025 -0.500000 0.000000
vn 1.000000 -0.000000 0.000000
vn 0.866025 0.500000 -0.000000
vn 0.500000 0.866025 -0.000000
vn 0.000000 1.000000 -0.000000
vn -0.500000 0.866025 -0.000000
vn -0.866025 0.500000 -0.000000
vn -1.000000 0.000000 -0.000000
vn -0.866025 -0.500000 0.000000
vn -0.500000 -0.866025 0.000000
vn 0.000000 -0.995185 -0.098017
vn 0.500000 -0.861855 -0.084885
vn 0.866025 -0.497592 -0.049009
vn 1.000000 -0.000000 -0.000000
vn 0.866025 0.497592 0.049009
vn 0.500000 0.861855 0.084885
vn 0.000000 0.995185 0.098017
vn -0.500000 0.861855 0.084885
vn -0.866025 0.497592 0.049009
vn -1.000000 0.000000 0.000000
vn -0.866025 -0.497592 -0.049009
vn -0.500000 -0.861855 -0.084885
vn 0.000000 -0.980785 -0.195090
vn 0.500000 -0.849385 -0.168953
vn 0.866025 -0.490393 -0.097545
vn 1.000000 -0.000000 -0.000000
vn 0.866025 0.490393 0.097545
vn 0.500000 0.849385 0.168953
vn 0.000000 0.980785 0.195090
vn -0.500000 0.849385 0.168953
vn -0.866025 0.490393 0.097545
vn -1.000000 0.000000 0.000000
vn -0.866025 -0.490393 -0.097545
vn -0.500000 -0.849385 -0.168953
vn 0.000000 -0.956940 -0.290285
vn 0.500000 -0.828735 -0.251394
vn 0.866025 -0.478470 -0.145142
vn 1.000000 -0.000000 -0.000000
vn 0.866025 0.478470 0.145142
vn 0.500000 0.828735 0.251394
vn 0.000000 0.956940 0.290285
vn -0.500000 0.828735 0.251394
vn -0.866025 0.478470 0.145142
vn -1.000000 0.000000 0.000000
vn -0.866025 -0.478470 -0.145142
vn -0.500000 -0.828735 -0.251394
vn 0.000000 -0.923880 -0.382683
vn 0.500000 -0.800103 -0.331414
vn 0.866025 -0.461940 -0.191342
vn 1.000000 -0.000000 -0.000000
vn 0.866025 0.461940 0.191342
vn 0.500000 0.800103 0.331414
vn 0.000000 0.923880 0.382683
vn -0.500000 0.800103 0.331414
vn -0.866025 0.461940 0.191342
vn -1.000000 0.000000 0.000000
vn -0.866025 -0.461940 -0.191342
vn -0.500000 -0.800103 -0.331414
vn 0.000000 -0.881921 -0.471397
vn 0.500000 -0.763766 -0.408242
vn 0.866025 -0.440961 -0.235698
vn 1.000000 -0.000000 -0.000000
vn 0.866025 0.440961 0.235698
vn 0.500000 0.763766 0.408242
vn 0.000000 0.881921 0.471397
vn -0.500000 0.763766 0.408242
vn -0.866025 0.440961 0.235698
vn -1.000000 0.000000 0.000000
vn -0.866025 -0.440961 -0.235698
vn -0.500000 -0.763766 -0.408242
vn 0.000000 -0.831470 -0.555570
vn 0.500000 -0.720074 -0.481138
vn 0.866025 -0.415735 -0.277785
vn 1.000000 -0.000000 -0.000000
vn 0.866025 0.415735 0.277785
vn 0.500000 0.720074 0.481138
vn 0.000000 0.831470 0.555570
vn -0.500000 0.720074 0.481138
vn -0.866025 0.415735 0.277785
vn -1.000000 0.000000 0.000000
vn -0.866025 -0.415735 -0.277785
vn -0.500000 -0.720074 -0.481138
vn 0.000000 -0.773010 -0.634393
vn 0.500000 -0.669447 -0.549401
vn 0.866025 -0.386505 -0.317197
vn 1.000000 -0.000000 -0.000000
vn 0.866025 0.386505 0.317197
vn 0.500000 0.669447 0.549401
vn 0.000000 0.773010 0.634393
vn -0.500000 0.669447 0.549401
vn -0.866025 0.386505 0.317197
vn -1.000000 0.000000 0.000000
vn -0.866025 -0.386505 -0.317197
vn -0.500000 -0.669447 -0.549401
vn 0.000000 -0.707107 -0.707107
vn 0.500000 -0.612372 -0.612372
vn 0.866025 -0.353553 -0.353553
vn 1.000000 -0.000000 -0.000000
vn 0.866025 0.353553 0.353553
vn 0.500000 0.612372 0.612372
vn 0.000000 0.707107 0.707107
vn -0.500000 0.612372 0.612372
vn -0.866025 0.353553 0.353553
vn -1.000000 0.000000 0.000000
vn -0.866025 -0.353553 -0.353553
vn -0.500000 -0.612372 -0.612372
vn 0.000000 -0.634393 -0.773010
vn 0.500000 -0.549401 -0.669447
vn 0.866025 -0.317197 -0.386505
vn 1.000000 -0.000000 -0.000000
vn 0.866025 0.317197 0.386505
vn 0.500000 0.549401 0.669447
vn 0.000000 0.634393 0.773010
vn -0.500000 0.549401 0.669447
vn -0.866025 0.317197 0.386505
vn -1.000000 0.000000 0.000000
vn -0.866025 -0.317197 -0.386505
vn -0.500000 -0.549401 -0.669447
vn 0.000000 -0.555570 -0.831470
vn 0.500000 -0.481138 -0.720074
vn 0.866025 -0.277785 -0.415735
vn 1.000000 -0.000000 -0.000000
vn 0.866025 0.277785 0.415735
vn 0.500000 0.481138 0.720074
vn 0.000000 0.555570 0.831470
vn -0.500000 0.481138 0.720074
vn -0.866025 0.277785 0.415735
vn -1.000000 0.000000 0.000000
vn -0.866025 -0.277785 -0.415735
vn -0.500000 -0.481138 -0.720074
vn 0.000000 -0.471397 -0.881921
vn 0.500000 -0.408242 -0.763766
vn 0.866025 -0.235698 -0.440961
vn 1.000000 -0.000000 -0.000000
vn 0.866025 0.235698 0.440961
vn 0.500000 0.408242 0.763766
vn 0.000000 0.471397 0.881921
vn -0.500000 0.408242 0.763766
vn -0.866025 0.235698 0.440961
vn -1.000000 0.000000 0.000000
vn -0.866025 -0.235698 -0.440961
vn -0.500000 -0.408242 -0.763766
vn 0.000000 -0.382683 -0.923880
vn 0.500000 -0.331414 -0.800103
vn 0.866025 -0.191342 -0.461940
vn 1.000000 -0.000000 -0.000000
vn 0.866025 0.191342 0.461940
vn 0.500000 0.331414 0.800103
vn 0.000000 0.382683 0.923880
vn -0.500000 0.331414 0.800103
vn -0.866025 0.191342 0.461940
vn -1.000000 0.000000 0.000000
vn -0.866025 -0.191342 -0.461940
vn -0.500000 -0.331414 -0.800103
vn 0.000000 -0.290285 -0.956940
vn 0.500000 -0.251394 -0.828735
vn 0.866025 -0.145142 -0.478470
vn 1.000000 -0.000000 -0.000000
vn 0.866025 0.145142 0.478470
vn 0.500000 0.251394 0.828735
vn 0.000000 0.290285 0.956940
vn -0.500000 0.251394 0.828735
vn -0.866025 0.145142 0.478470
vn -1.000000 0.000000 0.000000
vn -0.866025 -0.145142 -0.478470
vn -0.500000 -0.251394 -0.828735
vn 0.000000 -0.195090 -0.980785
vn 0.500000 -0.168953 -0.849385
vn 0.866025 -0.097545 -0.490393
vn 1.000000 -0.000000 -0.000000
vn 0.866025 0.097545 0.490393
vn 0.500000 0.168953 0.849385
vn 0.000000 0.195090 0.980785
vn -0.500000 0.168953 0.849385
vn -0.866025 0.097545 0.490393
vn -1.000000 0.000000 0.000000
vn -0.866025 -0.097545 -0.490393
vn -0.500000 -0.168953 -0.849385
vn 0.000000 -0.098017 -0.995185
vn 0.500000 -0.084885 -0.861855
vn 0.866025 -0.049009 -0.497592
vn 1.000000 -0.000000 -0.000000
vn 0.866025 0.049009 0.497592
vn 0.500000 0.084885 0.861855
vn 0.000000 0.098017 0.995185
vn -0.500000 0.084885 0.861855
vn -0.866025 0.049009 0.497592
vn -1.000000 0.000000 0.000000
vn -0.866025 -0.049009 -0.497592
vn -0.500000 -0.084885 -0.861855
vn 0.000000 -0.000000 -1.000000
vn 0.500000 -0.000000 -0.866025
vn 0.866025 -0.000000 -0.500000
vn 1.000000 -0.000000 -0.000000
vn 0.866025 0.000000 0.500000
vn 0.500000 0.000000 0.866025
vn 0.000000 0.000000 1.000000
vn -0.500000 0.000000 0.866025
vn -0.866025 0.000000 0.500000
vn -1.000000 0.000000 0.000000
vn -0.866025 -0.000000 -0.500000
vn -0.500000 -0.000000 -0.866025
vn 0.000000 0.098017 -0.995185
vn 0.500000 0.084885 -0.861855
vn 0.866025 0.049009 -0.497592
vn 1.000000 0.000000 -0.000000
vn 0.866025 -0.049009 0.497592
vn 0.500000 -0.084885 0.861855
vn 0.000000 -0.098017 0.995185
vn -0.500000 -0.084885 0.861855
vn -0.866025 -0.049009 0.497592
vn -1.000000 -0.000000 0.000000
vn -0.866025 0.049009 -0.497592
vn -0.500000 0.084885 -0.861855
vn 0.000000 0.195090 -0.980785
vn 0.500000 0.168953 -0.849385
vn 0.866025 0.097545 -0.490393
vn 1.000000 0.000000 -0.000000
vn 0.866025 -0.097545 0.490393
vn 0.500000 -0.168953 0.849385
vn 0.000000 -0.195090 0.980785
vn -0.500000 -0.168953 0.849385
vn -0.866025 -0.097545 0.490393
vn -1.000000 -0.000000 0.000000
vn -0.866025 0.097545 -0.490393
vn -0.500000 0.168953 -0.849385
vn 0.000000 0.290285 -0.956940
vn 0.500000 0.251394 -0.828735
vn 0.866025 0.145142 -0.478470
vn 1.000000 0.000000 -0.000000
vn 0.866025 -0.145142 0.478470
vn 0.500000 -0.251394 0.828735
vn 0.000000 -0.290285 0.956940
vn -0.500000 -0.251394 0.828735
vn -0.866025 -0.145142 0.478470
vn -1.000000 -0.000000 0.000000
vn -0.866025 0.145142 -0.478470
vn -0.500000 0.251394 -0.828735
vn 0.000000 0.382683 -0.923880
vn 0.500000 0.331414 -0.800103
vn 0.866025 0.191342 -0.461940
vn 1.000000 0.000000 -0.000000
vn 0.866025 -0.191342 0.461940
vn 0.500000 -0.331414 0.800103
vn 0.000000 -0.382683 0.923880
vn -0.500000 -0.331414 0.800103
vn -0.866025 -0.191342 0.461940
vn -1.000000 -0.000000 0.000000
vn -0.866025 0.191342 -0.461940
vn -0.500000 0.331414 -0.800103
vn 0.000000 0.471397 -0.881921
vn 0.500000 0.408242 -0.763766
vn 0.866025 0.235698 -0.440961
vn 1.000000 0.000000 -0.000000
vn 0.866025 -0.235698 0.440961
vn 0.500000 -0.408242 0.763766
vn 0.000000 -0.471397 0.881921
vn -0.500000 -0.408242 0.763766
vn -0.866025 -0.235698 0.440961
vn -1.000000 -0.000000 0.000000
vn -0.866025 0.235698 -0.440961
vn -0.500000 0.408242 -0.763766
vn 0.000000 0.555570 -0.831470
vn 0.500000 0.481138 -0.720074
vn 0.866025 0.277785 -0.415735
vn 1.000000 0.000000 -0.000000
vn 0.866025 -0.277785 0.415735
vn 0.500000 -0.481138 0.720074
vn 0.000000 -0.555570 0.831470
vn -0.500000 -0.481138 0.720074
vn -0.866025 -0.277785 0.415735
vn -1.000000 -0.000000 0.000000
vn -0.866025 0.277785 -0.415735
vn -0.500000 0.481138 -0.720074
vn 0.000000 0.634393 -0.773010
vn 0.500000 0.549401 -0.669447
vn 0.866025 0.317197 -0.386505
vn 1.000000 0.000000 -0.000000
vn 0.866025 -0.317197 0.386505
vn 0.500000 -0.549401 0.669447
vn 0.000000 -0.634393 0.773010
vn -0.500000 -0.549401 0.669447
vn -0.866025 -0.317197 0.386505
vn -1.000000 -0.000000 0.000000
vn -0.866025 0.317197 -0.386505
vn -0.500000 0.549401 -0.669447
vn 0.000000 0.707107 -0.707107
vn 0.500000 0.612372 -0.612372
vn 0.866025 0.353553 -0.353553
vn 1.000000 0.000000 -0.000000
vn 0.866025 -0.353553 0.353553
vn 0.500000 -0.612372 0.612372
vn 0.000000 -0.707107 0.707107
vn -0.500000 -0.612372 0.612372
vn -0.866025 -0.353553 0.353553
vn -1.000000 -0.000000 0.000000
vn -0.866025 0.353553 -0.353553
vn -0.500000 0.612372 -0.612372
vn 0.000000 0.773010 -0.634393
vn 0.500000 0.669447 -0.549401
vn 0.866025 0.386505 -0.317197
vn 1.000000 0.000000 -0.000000
vn 0.866025 -0.386505 0.317197
vn 0.500000 -0.669447 0.549401
vn 0.000000 -0.773010 0.634393
vn -0.500000 -0.669447 0.549401
vn -0.866025 -0.386505 0.317197
vn -1.000000 -0.000000 0.000000
vn -0.866025 0.386505 -0.317197
vn -0.500000 0.669447 -0.549401
vn 0.000000 0.831470 -0.555570
vn 0.500000 0.720074 -0.481138
vn 0.866025 0.415735 -0.277785
vn 1.000000 0.000000 -0.000000
vn 0.866025 -0.415735 0.277785
vn 0.500000 -0.720074 0.481138
vn 0.000000 -0.831470 0.555570
vn -0.500000 -0.720074 0.481138
vn -0.866025 -0.415735 0.277785
vn -1.000000 -0.000000 0.000000
vn -0.866025 0.415735 -0.277785
vn -0.500000 0.720074 -0.481138
vn 0.000000 0.881921 -0.471397
vn 0.500000 0.763766 -0.408242
vn 0.866025 0.440961 -0.235698
vn 1.000000 0.000000 -0.000000
vn 0.866025 -0.440961 0.235698
vn 0.500000 -0.763766 0.408242
vn 0.000000 -0.881921 0.471397
vn -0.500000 -0.763766 0.408242
vn -0.866025 -0.440961 0.235698
vn -1.000000 -0.000000 0.000000
vn -0.866025 0.440961 -0.235698
vn -0.500000 0.763766 -0.408242
vn 0.000000 0.923880 -0.382683
vn 0.500000 0.800103 -0.331414
vn 0.866025 0.461940 -0.191342
vn 1.000000 0.000000 -0.000000
vn 0.866025 -0.461940 0.191342
vn 0.500000 -0.800103 0.331414
vn 0.000000 -0.923880 0.382683
vn -0.500000 -0.800103 0.331414
vn -0.866025 -0.461940 0.191342
vn -1.000000 -0.000000 0.000000
vn -0.866025 0.461940 -0.191342
vn -0.500000 0.800103 -0.331414
vn 0.000000 0.956940 -0.290285
vn 0.500000 0.828735 -0.251394
vn 0.866025 0.478470 -0.145142
vn 1.000000 0.000000 -0.000000
vn 0.866025 -0.478470 0.145142
vn 0.500000 -0.828735 0.251394
vn 0.000000 -0.956940 0.290285
vn -0.500000 -0.828735 0.251394
vn -0.866025 -0.478470 0.145142
vn -1.000000 -0.000000 0.000000
vn -0.866025 0.478470 -0.145142
vn -0.500000 0.828735 -0.251394
vn 0.000000 0.980785 -0.195090
vn 0.500000 0.849385 -0.168953
vn 0.866025 0.490393 -0.097545
vn 1.000000 0.000000 -0.000000
vn 0.866025 -0.490393 0.097545
vn 0.500000 -0.849385 0.168953
vn 0.000000 -0.980785 0.195090
vn -0.500000 -0.849385 0.168953
vn -0.866025 -0.490393 0.097545
vn -1.000000 -0.000000 0.000000
vn -0.866025 0.490393 -0.097545
vn -0.500000 0.849385 -0.168953
vn 0.000000 0.995185 -0.098017
vn 0.500000 0.861855 -0.084885
vn 0.866025 0.497592 -0.049009
vn 1.000000 0.000000 -0.000000
vn 0.866025 -0.497592 0.049009
vn 0.500000 -0.861855 0.084885
vn 0.000000 -0.995185 0.098017
vn -0.500000 -0.861855 0.084885
vn -0.866025 -0.497592 0.049009
vn -1.000000 -0.000000 0.000000
vn -0.866025 0.497592 -0.049009
vn -0.500000 0.861855 -0.084885
f 1/1/1 13/14/13 14/15/14
f 1/1/1 14/15/14 2/2/2
f 2/2/2 14/15/14 15/16/15
f 2/2/2 15/16/15 3/3/3
f 3/3/3 15/16/15 16/17/16
f 3/3/3 16/17/16 4/4/4
f 4/4/4 16/17/16 17/18/17
f 4/4/4 17/18/17 5/5/5
f 5/5/5 17/18/17 18/19/18
f 5/5/5 18/19/18 6/6/6
f 6/6/6 18/19/18 19/20/19
f 6/6/6 19/20/19 7/7/7
f 7/7/7 19/20/19 20/21/20
f 7/7/7 20/21/20 8/8/8
f 8/8/8 20/21/20 21/22/21
f 8/8/8 21/22/21 9/9/9
f 9/9/9 21/22/21 22/23/22
f 9/9/9 22/23/22 10/10/10
f 10/10/10 22/23/22 23/24/23
f 10/10/10 23/24/23 11/11/11
f 11/11/11 23/24/23 24/25/24
f 11/11/11 24/25/24 12/12/12
f 12/12/12 24/25/24 13/26/13
f 12/12/12 13/26/13 1/13/1
f 13/14/13 25/27/25 26/28/26
f 13/14/13 26/28/26 14/15/14
f 14/15/14 26/28/26 27/29/27
f 14/15/14 27/29/27 15/16/15
f 15/16/15 27/29/27 28/30/28
f 15/16/15 28/30/28 16/17/16
f 16/17/16 28/30/28 29/31/29
f 16/17/16 29/31/29 17/18/17
f 17/18/17 29/31/29 30/32/30
f 17/18/17 30/32/30 18/19/18
f 18/19/18 30/32/30 31/33/31
f 18/19/18 31/33/31 19/20/19
f 19/20/19 31/33/31 32/34/32
f 19/20/19 32/34/32 20/21/20
f 20/21/20 32/34/32 33/35/33
f 20/21/20 33/35/33 21/22/21
f 21/22/21 33/35/33 34/36/34
f 21/22/21 34/36/34 22/23/22
f 22/23/22 34/36/34 35/37/35
f 22/23/22 35/37/35 23/24/23
f 23/24/23 35/37/35 36/38/36
f 23/24/23 36/38/36 24/25/24
f 24/25/24 36/38/36 25/39/25
f 24/25/24 25/39/25 13/26/13
f 25/27/25 37/40/37 38/41/38
f 25/27/25 38/41/38 26/28/26
f 26/28/26 38/41/38 39/42/39
f 26/28/26 39/42/39 27/29/27
f 27/29/27 39/42/39 40/43/40
f 27/29/27 40/43/40 28/30/28
f 28/30/28 40/43/40 41/44/41
f 28/30/28 41/44/41 29/31/29
f 29/31/29 41/44/41 42/45/42
f 29/31/29 42/45/42 30/32/30
f 30/32/30 42/45/42 43/46/43
f 30/32/30 43/46/43 31/33/31
f 31/33/31 43/46/43 44/47/44
f 31/33/31 44/47/44 32/34/32
f 32/34/32 44/47/44 45/48/45
f 32/34/32 45/48/45 33/35/33
f 33/35/33 45/48/45 46/49/46
f 33/35/33 46/49/46 34/36/34
f 34/36/34 46/49/46 47/50/47
f 34/36/34 47/50/47 35/37/35
f 35/37/35 47/50/47 48/51/48
f 35/37/35 48/51/48 36/38/36
f 36/38/36 48/51/48 37/52/37
f 36/38/36 37/52/37 25/39/25
f 37/40/37 49/53/49 50/54/50
f 37/40/37 50/54/50 38/41/38
f 38/41/38 50/54/50 51/55/51
f 38/41/38 51/55/51 39/42/39
f 39/42/39 51/55/51 52/56/52
f 39/42/39 52/56/52 40/43/40
f 40/43/40 52/56/52 53/57/53
f 40/43/40 53/57/53 41/44/41
f 41/44/41 53/57/53 54/58/54
f 41/44/41 54/58/54 42/45/42
f 42/45/42 54/58/54 55/59/55
f 42/45/42 55/59/55 43/46/43
f 43/46/43 55/59/55 56/60/56
f 43/46/43 56/60/56 44/47/44
f 44/47/44 56/60/56 57/61/57
f 44/47/44 57/61/57 45/48/45
f 45/48/45 57/61/57 58/62/58
f 45/48/45 58/62/58 46/49/46
f 46/49/46 58/62/58 59/63/59
f 46/49/46 59/63/59 47/50/47
f 47/50/47 59/63/59 60/64/60
f 47/50/47 60/64/60 48/51/48
f 48/51/48 60/64/60 49/65/49
f 48/51/48 49/65/49 37/52/37
f 49/53/49 61/66/61 62/67/62
f 49/53/49 62/67/62 50/54/50
f 50/54/50 62/67/62 63/68/63
f 50/54/50 63/68/63 51/55/51
f 51/55/51 63/68/63 64/69/64
f 51/55/51 64/69/64 52/56/52
f 52/56/52 64/69/64 65/70/65
f 52/56/52 65/70/65 53/57/53
f 53/57/53 65/70/65 66/71/66
f 53/57/53 66/71/66 54/58/54
f 54/58/54 66/71/66 67/72/67
f 54/58/54 67/72/67 55/59/55
f 55/59/55 67/72/67 68/73/68
f 55/59/55 68/73/68 56/60/56
f 56/60/56 68/73/68 69/74/69
f 56/60/56 69/74/69 57/61/57
f 57/61/57 69/74/69 70/75/70
f 57/61/57 70/75/70 58/62/58
f 58/62/58 70/75/70 71/76/71
f 58/62/58 71/76/71 59/63/59
f 59/63/59 71/76/71 72/77/72
f 59/63/59 72/77/72 60/64/60
f 60/64/60 72/77/72 61/78/61
f 60/64/60 61/78/61 49/65/49
f 61/66/61 73/79/73 74/80/74
f 61/66/61 74/80/74 62/67/62
f 62/67/62 74/80/74 75/81/75
f 62/67/62 75/81/75 63/68/63
f 63/68/63 75/81/75 76/82/76
f 63/68/63 76/82/76 64/69/64
f 64/69/64 76/82/76 77/83/77
f 64/69/64 77/83/77 65/70/65
f 65/70/65 77/83/77 78/84/78
f 65/70/65 78/84/78 66/71/66
f 66/71/66 78/84/78 79/85/79
f 66/71/66 79/85/79 67/72/67
f 67/72/67 79/85/79 80/86/80
f 67/72/67 80/86/80 68/73/68
f 68/73/68 80/86/80 81/87/81
f 68/73/68 81/87/81 69/74/69
f 69/74/69 81/87/81 82/88/82
f 69/74/69 82/88/82 70/75/70
f 70/75/70 82/88/82 83/89/83
f 70/75/70 83/89/83 71/76/71
f 71/76/71 83/89/83 84/90/84
f 71/76/71 84/90/84 72/77/72
f 72/77/72 84/90/84 73/91/73
f 72/77/72 73/91/73 61/78/61
f 73/79/73 85/92/85 86/93/86
f 73/79/73 86/93/86 74/80/74
f 74/80/74 86/93/86 87/94/87
f 74/80/74 87/94/87 75/81/75
f 75/81/75 87/94/87 88/95/88
f 75/81/75 88/95/88 76/82/76
f 76/82/76 88/95/88 89/96/89
f 76/82/76 89/96/89 77/83/77
f 77/83/77 89/96/89 90/97/90
f 77/83/77 90/97/90 78/84/78
f 78/84/78 90/97/90 91/98/91
f 78/84/78 91/98/91 79/85/79
f 79/85/79 91/98/91 92/99/92
f 79/85/79 92/99/92 80/86/80
f 80/86/80 92/99/92 93/100/93
f 80/86/80 93/100/93 81/87/81
f 81/87/81 93/100/93 94/101/94
f 81/87/81 94/101/94 82/88/82
f 82/88/82 94/101/94 95/102/95
f 82/88/82 95/102/95 83/89/83
f 83/89/83 95/102/95 96/103/96
f 83/89/83 96/103/96 84/90/84
f 84/90/84 96/103/96 85/104/85
f 84/90/84 85/104/85 73/91/73
f 85/92/85 97/105/97 98/106/98
f 85/92/85 98/106/98 86/93/86
f 86/93/86 98/106/98 99/107/99
f 86/93/86 99/107/99 87/94/87
f 87/94/87 99/107/99 100/108/100
f 87/94/87 100/108/100 88/95/88
f 88/95/88 100/108/100 101/109/101
f 88/95/88 101/109/101 89/96/89
f 89/96/89 101/109/101 102/110/102
f 89/96/89 102/110/102 90/97/90
f 90/97/90 102/110/102 103/111/103
f 90/97/90 103/111/103 91/98/91
f 91/98/91 103/111/103 104/112/104
f 91/98/91 104/112/104 92/99/92
f 92/99/92 104/112/104 105/113/105
f 92/99/92 105/113/105 93/100/93
f 93/100/93 105/113/105 106/114/106
f 93/100/93 106/114/106 94/101/94
f 94/101/94 106/114/106 107/115/107
f 94/101/94 107/115/107 95/102/95
f 95/102/95 107/115/107 108/116/108
f 95/102/95 108/116/108 96/103/96
f 96/103/96 108/116/108 97/117/97
f 96/103/96 97/117/97 85/104/85
f 97/105/97 109/118/109 110/119/110
f 97/105/97 110/119/110 98/106/98
f 98/106/98 110/119/110 111/120/111
f 98/106/98 111/120/111 99/107/99
f 99/107/99 111/120/111 112/121/112
f 99/107/99 112/121/112 100/108/100
f 100/108/100 112/121/112 113/122/113
f 100/108/100 113/122/113 101/109/101
f 101/109/101 113/122/113 114/123/114
f 101/109/101 114/123/114 102/110/102
f 102/110/102 114/123/114 115/124/115
f 102/110/102 115/124/115 103/111/103
f 103/111/103 115/124/115 116/125/116
f 103/111/103 116/125/116 104/112/104
f 104/112/104 116/125/116 117/126/117
f 104/112/104 117/126/117 105/113/105
f 105/113/105 117/126/117 118/127/118
f 105/113/105 118/127/118 106/114/106
f 106/114/106 118/127/118 119/128/119
f 106/114/106 119/128/119 107/115/107
f 107/115/107 119/128/119 120/129/120
f 107/115/107 120/129/120 108/116/108
f 108/116/108 120/129/120 109/130/109
f 108/116/108 109/130/109 97/117/97
f 109/118/109 121/131/121 122/132/122
f 109/118/109 122/132/122 110/119/110
f 110/119/110 122/132/122 123/133/123
f 110/119/110 123/133/123 111/120/111
f 111/120/111 123/133/123 124/134/124
f 111/120/111 124/134/124 112/121/112
f 112/121/112 124/134/124 125/135/125
f 112/121/112 125/135/125 113/122/113
f 113/122/113 125/135/125 126/136/126
f 113/122/113 126/136/126 114/123/114
f 114/123/114 126/136/126 127/137/127
f 114/123/114 127/137/127 115/124/115
f 115/124/115 127/137/127 128/138/128
f 115/124/115 128/138/128 116/125/116
f 116/125/116 128/138/128 129/139/129
f 116/125/116 129/139/129 117/126/117
f 117/126/117 129/139/129 130/140/130
f 117/126/117 130/140/130 118/127/118
f 118/127/118 130/140/130 131/141/131
f 118/127/118 131/141/131 119/128/119
f 119/128/119 131/141/131 132/142/132
f 119/128/119 132/142/132 120/129/120
f 120/129/120 132/142/132 121/143/121
f 120/129/120 121/143/121 109/130/109
f 121/131/121 133/144/133 134/145/134
f 121/131/121 134/145/134 122/132/122
f 122/132/122 134/145/134 135/146/135
f 122/132/122 135/146/135 123/133/123
f 123/133/123 135/146/135 136/147/136
f 123/133/123 136/147/136 124/134/124
f 124/134/124 136/147/136 137/148/137
f 124/134/124 137/148/137 125/135/125
f 125/135/125 137/148/137 138/149/138
f 125/135/125 138/149/138 126/136/126
f 126/136/126 138/149/138 139/150/139
f 126/136/126 139/150/139 127/137/127
f 127/137/127 139/150/139 140/151/140
f 127/137/127 140/151/140 128/138/128
f 128/138/128 140/151/140 141/152/141
f 128/138/128 141/152/141 129/139/129
f 129/139/129 141/152/141 142/153/142
f 129/139/129 142/153/142 130/140/130
f 130/140/130 142/153/142 143/154/143
f 130/140/130 143/154/143 131/141/131
f 131/141/131 143/154/143 144/155/144
f 131/141/131 144/155/144 132/142/132
f 132/142/132 144/155/144 133/156/133
f 132/142/132 133/156/133 121/143/121
f 133/144/133 145/157/145 146/158/146
f 133/144/133 146/158/146 134/145/134
f 134/145/134 146/158/146 147/159/147
f 134/145/134 147/159/147 135/146/135
f 135/146/135 147/159/147 148/160/148
f 135/146/135 148/160/148 136/147/136
f 136/147/136 148/160/148 149/161/149
f 136/147/136 149/161/149 137/148/137
f 137/148/137 149/161/149 150/162/150
f 137/148/137 150/162/150 138/149/138
f 138/149/138 150/162/150 151/163/151
f 138/149/138 151/163/151 139/150/139
f 139/150/139 151/163/151 152/164/152
f 139/150/139 152/164/152 140/151/140
f 140/151/140 152/164/152 153/165/153
f 140/151/140 153/165/153 141/152/141
f 141/152/141 153/165/153 154/166/154
f 141/152/141 154/166/154 142/153/142
f 142/153/142 154/166/154 155/167/155
f 142/153/142 155/167/155 143/154/143
f 143/154/143 155/167/155 156/168/156
f 143/154/143 156/168/156 144/155/144
f 144/155/144 156/168/156 145/169/145
f 144/155/144 145/169/145 133/156/133
f 145/157/145 157/170/157 158/171/158
f 145/157/145 158/171/158 146/158/146
f 146/158/146 158/171/158 159/172/159
f 146/158/146 159/172/159 147/159/147
f 147/159/147 159/172/159 160/173/160
f 147/159/147 160/173/160 148/160/148
f 148/160/148 160/173/160 161/174/161
f 148/160/148 161/174/161 149/161/149
f 149/161/149 161/174/161 162/175/162
f 149/161/149 162/175/162 150/162/150
f 150/162/150 162/175/162 163/176/163
f 150/162/150 163/176/163 151/163/151
f 151/163/151 163/176/163 164/177/164
f 151/163/151 164/177/164 152/164/152
f 152/164/152 164/177/164 165/178/165
f 152/164/152 165/178/165 153/165/153
f 153/165/153 165/178/165 166/179/166
f 153/165/153 166/179/166 154/166/154
f 154/166/154 166/179/166 167/180/167
f 154/166/154 167/180/167 155/167/155
f 155/167/155 167/180/167 168/181/168
f 155/167/155 168/181/168 156/168/156
f 156/168/156 168/181/168 157/182/157
f 156/168/156 157/182/157 145/169/145
f 157/170/157 169/183/169 170/184/170
f 157/170/157 170/184/170 158/171/158
f 158/171/158 170/184/170 171/185/171
f 158/171/158 171/185/171 159/172/159
f 159/172/159 171/185/171 172/186/172
f 159/172/159 172/186/172 160/173/160
f 160/173/160 172/186/172 173/187/173
f 160/173/160 173/187/173 161/174/161
f 161/174/161 173/187/173 174/188/174
f 161/174/161 174/188/174 162/175/162
f 162/175/162 174/188/174 175/189/175
f 162/175/162 175/189/175 163/176/163
f 163/176/163 175/189/175 176/190/176
f 163/176/163 176/190/176 164/177/164
f 164/177/164 176/190/176 177/191/177
f 164/177/164 177/191/177 165/178/165
f 165/178/165 177/191/177 178/192/178
f 165/178/165 178/192/178 166/179/166
f 166/179/166 178/192/178 179/193/179
f 166/179/166 179/193/179 167/180/167
f 167/180/167 179/193/179 180/194/180
f 167/180/167 180/194/180 168/181/168
f 168/181/168 180/194/180 169/195/169
f 168/181/168 169/195/169 157/182/157
f 169/183/169 181/196/181 182/197/182
f 169/183/169 182/197/182 170/184/170
f 170/184/170 182/197/182 183/198/183
f 170/184/170 183/198/183 171/185/171
f 171/185/171 183/198/183 184/199/184
f 171/185/171 184/199/184 172/186/172
f 172/186/172 184/199/184 185/200/185
f 172/186/172 185/200/185 173/187/173
f 173/187/173 185/200/185 186/201/186
f 173/187/173 186/201/186 174/188/174
f 174/188/174 186/201/186 187/202/187
f 174/188/174 187/202/187 175/189/175
f 175/189/175 187/202/187 188/203/188
f 175/189/175 188/203/188 176/190/176
f 176/190/176 188/203/188 189/204/189
f 176/190/176 189/204/189 177/191/177
f 177/191/177 189/204/189 190/205/190
f 177/191/177 190/205/190 178/192/178
f 178/192/178 190/205/190 191/206/191
f 178/192/178 191/206/191 179/193/179
f 179/193/179 191/206/191 192/207/192
f 179/193/179 192/207/192 180/194/180
f 180/194/180 192/207/192 181/208/181
f 180/194/180 181/208/181 169/195/169
f 181/196/181 193/209/193 194/210/194
f 181/196/181 194/210/194 182/197/182
f 182/197/182 194/210/194 195/211/195
f 182/197/182 195/211/195 183/198/183
f 183/198/183 195/211/195 196/212/196
f 183/198/183 196/212/196 184/199/184
f 184/199/184 196/212/196 197/213/197
f 184/199/184 197/213/197 185/200/185
f 185/200/185 197/213/197 198/214/198
f 185/200/185 198/214/198 186/201/186
f 186/201/186 198/214/198 199/215/199
f 186/201/186 199/215/199 187/202/187
f 187/202/187 199/215/199 200/216/200
f 187/202/187 200/216/200 188/203/188
f 188/203/188 200/216/200 201/217/201
f 188/203/188 201/217/201 189/204/189
f 189/204/189 201/217/201 202/218/202
f 189/204/189 202/218/202 190/205/190
f 190/205/190 202/218/202 203/219/203
f 190/205/190 203/219/203 191/206/191
f 191/206/191 203/219/203 204/220/204
f 191/206/191 204/220/204 192/207/192
f 192/207/192 204/220/204 193/221/193
f 192/207/192 193/221/193 181/208/181
f 193/209/193 205/222/205 206/223/206
f 193/209/193 206/223/206 194/210/194
f 194/210/194 206/223/206 207/224/207
f 194/210/194 207/224/207 195/211/195
f 195/211/195 207/224/207 208/225/208
f 195/211/195 208/225/208 196/212/196
f 196/212/196 208/225/208 209/226/209
f 196/212/196 209/226/209 197/213/197
f 197/213/197 209/226/209 210/227/210
f 197/213/197 210/227/210 198/214/198
f 198/214/198 210/227/210 211/228/211
f 198/214/198 211/228/211 199/215/199
f 199/215/199 211/228/211 212/229/212
f 199/215/199 212/229/212 200/216/200
f 200/216/200 212/229/212 213/230/213
f 200/216/200 213/230/213 201/217/201
f 201/217/201 213/230/213 214/231/214
f 201/217/201 214/231/214 202/218/202
f 202/218/202 214/231/214 215/232/215
f 202/218/202 215/232/215 203/219/203
f 203/219/203 215/232/215 216/233/216
f 203/219/203 216/233/216 204/220/204
f 204/220/204 216/233/216 205/234/205
f 204/220/204 205/234/205 193/221/193
f 205/222/205 217/235/217 218/236/218
f 205/222/205 218/236/218 206/223/206
f 206/223/206 218/236/218 219/237/219
f 206/223/206 219/237/219 207/224/207
f 207/224/207 219/237/219 220/238/220
f 207/224/207 220/238/220 208/225/208
f 208/225/208 220/238/220 221/239/221
f 208/225/208 221/239/221 209/226/209
f 209/226/209 221/239/221 222/240/222
f 209/226/209 222/240/222 210/227/210
f 210/227/210 222/240/222 223/241/223
f 210/227/210 223/241/223 211/228/211
f 211/228/211 223/241/223 224/242/224
f 211/228/211 224/242/224 212/229/212
f 212/229/212 224/242/224 225/243/225
f 212/229/212 225/243/225 213/230/213
f 213/230/213 225/243/225 226/244/226
f 213/230/213 226/244/226 214/231/214
f 214/231/214 226/244/226 227/245/227
f 214/231/214 227/245/227 215/232/215
f 215/232/215 227/245/227 228/246/228
f 215/232/215 228/246/228 216/233/216
f 216/233/216 228/246/228 217/247/217
f 216/233/216 217/247/217 205/234/205
f 217/235/217 229/248/229 230/249/230
f 217/235/217 230/249/230 218/236/218
f 218/236/218 230/249/230 231/250/231
f 218/236/218 231/250/231 219/237/219
f 219/237/219 231/250/231 232/251/232
f 219/237/219 232/251/232 220/238/220
f 220/238/220 232/251/232 233/252/233
f 220/238/220 233/252/233 221/239/221
f 221/239/221 233/252/233 234/253/234
f 221/239/221 234/253/234 222/240/222
f 222/240/222 234/253/234 235/254/235
f 222/240/222 235/254/235 223/241/223
f 223/241/223 235/254/235 236/255/236
f 223/241/223 236/255/236 224/242/224
f 224/242/224 236/255/236 237/256/237
f 224/242/224 237/256/237 225/243/225
f 225/243/225 237/256/237 238/257/238
f 225/243/225 238/257/238 226/244/226
f 226/244/226 238/257/238 239/258/239
f 226/244/226 239/258/239 227/245/227
f 227/245/227 239/258/239 240/259/240
f 227/245/227 240/259/240 228/246/228
f 228/246/228 240/259/240 229/260/229
f 228/246/228 229/260/229 217/247/217
f 229/248/229 241/261/241 242/262/242
f 229/248/229 242/262/242 230/249/230
f 230/249/230 242/262/242 243/263/243
f 230/249/230 243/263/243 231/250/231
f 231/250/231 243/263/243 244/264/244
f 231/250/231 244/264/244 232/251/232
f 232/251/232 244/264/244 245/265/245
f 232/251/232 245/265/245 233/252/233
f 233/252/233 245/265/245 246/266/246
f 233/252/233 246/266/246 234/253/234
f 234/253/234 246/266/246 247/267/247
f 234/253/234 247/267/247 235/254/235
f 235/254/235 247/267/247 248/268/248
f 235/254/235 248/268/248 236/255/236
f 236/255/236 248/268/248 249/269/249
f 236/255/236 249/269/249 237/256/237
f 237/256/237 249/269/249 250/270/250
f 237/256/237 250/270/250 238/257/238
f 238/257/238 250/270/250 251/271/251
f 238/257/238 251/271/251 239/258/239
f 239/258/239 251/271/251 252/272/252
f 239/258/239 252/272/252 240/259/240
f 240/259/240 252/272/252 241/273/241
f 240/259/240 241/273/241 229/260/229
f 241/261/241 253/274/253 254/275/254
f 241/261/241 254/275/254 242/262/242
f 242/262/242 254/275/254 255/276/255
f 242/262/242 255/276/255 243/263/243
f 243/263/243 255/276/255 256/277/256
f 243/263/243 256/277/256 244/264/244
f 244/264/244 256/277/256 257/278/257
f 244/264/244 257/278/257 245/265/245
f 245/265/245 257/278/257 258/279/258
f 245/265/245 258/279/258 246/266/246
f 246/266/246 258/279/258 259/280/259
f 246/266/246 259/280/259 247/267/247
f 247/267/247 259/280/259 260/281/260
f 247/267/247 260/281/260 248/268/248
f 248/268/248 260/281/260 261/282/261
f 248/268/248 261/282/261 249/269/249
f 249/269/249 261/282/261 262/283/262
f 249/269/249 262/283/262 250/270/250
f 250/270/250 262/283/262 263/284/263
f 250/270/250 263/284/263 251/271/251
f 251/271/251 263/284/263 264/285/264
f 251/271/251 264/285/264 252/272/252
f 252/272/252 264/285/264 253/286/253
f 252/272/252 253/286/253 241/273/241
f 253/274/253 265/287/265 266/288/266
f 253/274/253 266/288/266 254/275/254
f 254/275/254 266/288/266 267/289/267
f 254/275/254 267/289/267 255/276/255
f 255/276/255 267/289/267 268/290/268
f 255/276/255 268/290/268 256/277/256
f 256/277/256 268/290/268 269/291/269
f 256/277/256 269/291/269 257/278/257
f 257/278/257 269/291/269 270/292/270
f 257/278/257 270/292/270 258/279/258
f 258/279/258 270/292/270 271/293/271
f 258/279/258 271/293/271 259/280/259
f 259/280/259 271/293/271 272/294/272
f 259/280/259 272/294/272 260/281/260
f 260/281/260 272/294/272 273/295/273
f 260/281/260 273/295/273 261/282/261
f 261/282/261 273/295/273 274/296/274
f 261/282/261 274/296/274 262/283/262
f 262/283/262 274/296/274 275/297/275
f 262/283/262 275/297/275 263/284/263
f 263/284/263 275/297/275 276/298/276
f 263/284/263 276/298/276 264/285/264
f 264/285/264 276/298/276 265/299/265
f 264/285/264 265/299/265 253/286/253
f 265/287/265 277/300/277 278/301/278
f 265/287/265 278/301/278 266/288/266
f 266/288/266 278/301/278 279/302/279
f 266/288/266 279/302/279 267/289/267
f 267/289/267 279/302/279 280/303/280
f 267/289/267 280/303/280 268/290/268
f 268/290/268 280/303/280 281/304/281
f 268/290/268 281/304/281 269/291/269
f 269/291/269 281/304/281 282/305/282
f 269/291/269 282/305/282 270/292/270
f 270/292/270 282/305/282 283/306/283
f 270/292/270 283/306/283 271/293/271
f 271/293/271 283/306/283 284/307/284
f 271/293/271 284/307/284 272/294/272
f 272/294/272 284/307/284 285/308/285
f 272/294/272 285/308/285 273/295/273
f 273/295/273 285/308/285 286/309/286
f 273/295/273 286/309/286 274/296/274
f 274/296/274 286/309/286 287/310/287
f 274/296/274 287/310/287 275/297/275
f 275/297/275 287/310/287 288/311/288
f 275/297/275 288/311/288 276/298/276
f 276/298/276 288/311/288 277/312/277
f 276/298/276 277/312/277 265/299/265
f 277/300/277 289/313/289 290/314/290
f 277/300/277 290/314/290 278/301/278
f 278/301/278 290/314/290 291/315/291
f 278/301/278 291/315/291 279/302/279
f 279/302/279 291/315/291 292/316/292
f 279/302/279 292/316/292 280/303/280
f 280/303/280 292/316/292 293/317/293
f 280/303/280 293/317/293 281/304/281
f 281/304/281 293/317/293 294/318/294
f 281/304/281 294/318/294 282/305/282
f 282/305/282 294/318/294 295/319/295
f 282/305/282 295/319/295 283/306/283
f 283/306/283 295/319/295 296/320/296
f 283/306/283 296/320/296 284/307/284
f 284/307/284 296/320/296 297/321/297
f 284/307/284 297/321/297 285/308/285
f 285/308/285 297/321/297 298/322/298
f 285/308/285 298/322/298 286/309/286
f 286/309/286 298/322/298 299/323/299
f 286/309/286 299/323/299 287/310/287
f 287/310/287 299/323/299 300/324/300
f 287/310/287 300/324/300 288/311/288
f 288/311/288 300/324/300 289/325/289
f 288/311/288 289/325/289 277/312/277
f 289/313/289 301/326/301 302/327/302
f 289/313/289 302/327/302 290/314/290
f 290/314/290 302/327/302 303/328/303
f 290/314/290 303/328/303 291/315/291
f 291/315/291 303/328/303 304/329/304
f 291/315/291 304/329/304 292/316/292
f 292/316/292 304/329/304 305/330/305
f 292/316/292 305/330/305 293/317/293
f 293/317/293 305/330/305 306/331/306
f 293/317/293 306/331/306 294/318/294
f 294/318/294 306/331/306 307/332/307
f 294/318/294 307/332/307 295/319/295
f 295/319/295 307/332/307 308/333/308
f 295/319/295 308/333/308 296/320/296
f 296/320/296 308/333/308 309/334/309
f 296/320/296 309/334/309 297/321/297
f 297/321/297 309/334/309 310/335/310
f 297/321/297 310/335/310 298/322/298
f 298/322/298 310/335/310 311/336/311
f 298/322/298 311/336/311 299/323/299
f 299/323/299 311/336/311 312/337/312
f 299/323/299 312/337/312 300/324/300
f 300/324/300 312/337/312 301/338/301
f 300/324/300 301/338/301 289/325/289
f 301/326/301 313/339/313 314/340/314
f 301/326/301 314/340/314 302/327/302
f 302/327/302 314/340/314 315/341/315
f 302/327/302 315/341/315 303/328/303
f 303/328/303 315/341/315 316/342/316
f 303/328/303 316/342/316 304/329/304
f 304/329/304 316/342/316 317/343/317
f 304/329/304 317/343/317 305/330/305
f 305/330/305 317/343/317 318/344/318
f 305/330/305 318/344/318 306/331/306
f 306/331/306 318/344/318 319/345/319
f 306/331/306 319/345/319 307/332/307
f 307/332/307 319/345/319 320/346/320
f 307/332/307 320/346/320 308/333/308
f 308/333/308 320/346/320 321/347/321
f 308/333/308 321/347/321 309/334/309
f 309/334/309 321/347/321 322/348/322
f 309/334/309 322/348/322 310/335/310
f 310/335/310 322/348/322 323/349/323
f 310/335/310 323/349/323 311/336/311
f 311/336/311 323/349/323 324/350/324
f 311/336/311 324/350/324 312/337/312
f 312/337/312 324/350/324 313/351/313
f 312/337/312 313/351/313 301/338/301
f 313/339/313 325/352/325 326/353/326
f 313/339/313 326/353/326 314/340/314
f 314/340/314 326/353/326 327/354/327
f 314/340/314 327/354/327 315/341/315
f 315/341/315 327/354/327 328/355/328
f 315/341/315 328/355/328 316/342/316
f 316/342/316 328/355/328 329/356/329
f 316/342/316 329/356/329 317/343/317
f 317/343/317 329/356/329 330/357/330
f 317/343/317 330/357/330 318/344/318
f 318/344/318 330/357/330 331/358/331
f 318/344/318 331/358/331 319/345/319
f 319/345/319 331/358/331 332/359/332
f 319/345/319 332/359/332 320/346/320
f 320/346/320 332/359/332 333/360/333
f 320/346/320 333/360/333 321/347/321
f 321/347/321 333/360/333 334/361/334
f 321/347/321 334/361/334 322/348/322
f 322/348/322 334/361/334 335/362/335
f 322/348/322 335/362/335 323/349/323
f 323/349/323 335/362/335 336/363/336
f 323/349/323 336/363/336 324/350/324
f 324/350/324 336/363/336 325/364/325
f 324/350/324 325/364/325 313/351/313
f 325/352/325 337/365/337 338/366/338
f 325/352/325 338/366/338 326/353/326
f 326/353/326 338/366/338 339/367/339
f 326/353/326 339/367/339 327/354/327
f 327/354/327 339/367/339 340/368/340
f 327/354/327 340/368/340 328/355/328
f 328/355/328 340/368/340 341/369/341
f 328/355/328 341/369/341 329/356/329
f 329/356/329 341/369/341 342/370/342
f 329/356/329 342/370/342 330/357/330
f 330/357/330 342/370/342 343/371/343
f 330/357/330 343/371/343 331/358/331
f 331/358/331 343/371/343 344/372/344
f 331/358/331 344/372/344 332/359/332
f 332/359/332 344/372/344 345/373/345
f 332/359/332 345/373/345 333/360/333
f 333/360/333 345/373/345 346/374/346
f 333/360/333 346/374/346 334/361/334
f 334/361/334 346/374/346 347/375/347
f 334/361/334 347/375/347 335/362/335
f 335/362/335 347/375/347 348/376/348
f 335/362/335 348/376/348 336/363/336
f 336/363/336 348/376/348 337/377/337
f 336/363/336 337/377/337 325/364/325
f 337/365/337 349/378/349 350/379/350
f 337/365/337 350/379/350 338/366/338
f 338/366/338 350/379/350 351/380/351
f 338/366/338 351/380/351 339/367/339
f 339/367/339 351/380/351 352/381/352
f 339/367/339 352/381/352 340/368/340
f 340/368/340 352/381/352 353/382/353
f 340/368/340 353/382/353 341/369/341
f 341/369/341 353/382/353 354/383/354
f 341/369/341 354/383/354 342/370/342
f 342/370/342 354/383/354 355/384/355
f 342/370/342 355/384/355 343/371/343
f 343/371/343 355/384/355 356/385/356
f 343/371/343 356/385/356 344/372/344
f 344/372/344 356/385/356 357/386/357
f 344/372/344 357/386/357 345/373/345
f 345/373/345 357/386/357 358/387/358
f 345/373/345 358/387/358 346/374/346
f 346/374/346 358/387/358 359/388/359
f 346/374/346 359/388/359 347/375/347
f 347/375/347 359/388/359 360/389/360
f 347/375/347 360/389/360 348/376/348
f 348/376/348 360/389/360 349/390/349
f 348/376/348 349/390/349 337/377/337
f 349/378/349 361/391/361 362/392/362
f 349/378/349 362/392/362 350/379/350
f 350/379/350 362/392/362 363/393/363
f 350/379/350 363/393/363 351/380/351
f 351/380/351 363/393/363 364/394/364
f 351/380/351 364/394/364 352/381/352
f 352/381/352 364/394/364 365/395/365
f 352/381/352 365/395/365 353/382/353
f 353/382/353 365/395/365 366/396/366
f 353/382/353 366/396/366 354/383/354
f 354/383/354 366/396/366 367/397/367
f 354/383/354 367/397/367 355/384/355
f 355/384/355 367/397/367 368/398/368
f 355/384/355 368/398/368 356/385/356
f 356/385/356 368/398/368 369/399/369
f 356/385/356 369/399/369 357/386/357
f 357/386/357 369/399/369 370/400/370
f 357/386/357 370/400/370 358/387/358
f 358/387/358 370/400/370 371/401/371
f 358/387/358 371/401/371 359/388/359
f 359/388/359 371/401/371 372/402/372
f 359/388/359 372/402/372 360/389/360
f 360/389/360 372/402/372 361/403/361
f 360/389/360 361/403/361 349/390/349
f 361/391/361 373/404/373 374/405/374
f 361/391/361 374/405/374 362/392/362
f 362/392/362 374/405/374 375/406/375
f 362/392/362 375/406/375 363/393/363
f 363/393/363 375/406/375 376/407/376
f 363/393/363 376/407/376 364/394/364
f 364/394/364 376/407/376 377/408/377
f 364/394/364 377/408/377 365/395/365
f 365/395/365 377/408/377 378/409/378
f 365/395/365 378/409/378 366/396/366
f 366/396/366 378/409/378 379/410/379
f 366/396/366 379/410/379 367/397/367
f 367/397/367 379/410/379 380/411/380
f 367/397/367 380/411/380 368/398/368
f 368/398/368 380/411/380 381/412/381
f 368/398/368 381/412/381 369/399/369
f 369/399/369 381/412/381 382/413/382
f 369/399/369 382/413/382 370/400/370
f 370/400/370 382/413/382 383/414/383
f 370/400/370 383/414/383 371/401/371
f 371/401/371 383/414/383 384/415/384
f 371/401/371 384/415/384 372/402/372
f 372/402/372 384/415/384 373/416/373
f 372/402/372 373/416/373 361/403/361
f 373/404/373 385/417/385 386/418/386
f 373/404/373 386/418/386 374/405/374
f 374/405/374 386/418/386 387/419/387
f 374/405/374 387/419/387 375/406/375
f 375/406/375 387/419/387 388/420/388
f 375/406/375 388/420/388 376/407/376
f 376/407/376 388/420/388 389/421/389
f 376/407/376 389/421/389 377/408/377
f 377/408/377 389/421/389 390/422/390
f 377/408/377 390/422/390 378/409/378
f 378/409/378 390/422/390 391/423/391
f 378/409/378 391/423/391 379/410/379
f 379/410/379 391/423/391 392/424/392
f 379/410/379 392/424/392 380/411/380
f 380/411/380 392/424/392 393/425/393
f 380/411/380 393/425/393 381/412/381
f 381/412/381 393/425/393 394/426/394
f 381/412/381 394/426/394 382/413/382
f 382/413/382 394/426/394 395/427/395
f 382/413/382 395/427/395 383/414/383
f 383/414/383 395/427/395 396/428/396
f 383/414/383 396/428/396 384/415/384
f 384/415/384 396/428/396 385/429/385
f 384/415/384 385/429/385 373/416/373
f 385/417/385 397/430/397 398/431/398
f 385/417/385 398/431/398 386/418/386
f 386/418/386 398/431/398 399/432/399
f 386/418/386 399/432/399 387/419/387
f 387/419/387 399/432/399 400/433/400
f 387/419/387 400/433/400 388/420/388
f 388/420/388 400/433/400 401/434/401
f 388/420/388 401/434/401 389/421/389
f 389/421/389 401/434/401 402/435/402
f 389/421/389 402/435/402 390/422/390
f 390/422/390 402/435/402 403/436/403
f 390/422/390 403/436/403 391/423/391
f 391/423/391 403/436/403 404/437/404
f 391/423/391 404/437/404 392/424/392
f 392/424/392 404/437/404 405/438/405
f 392/424/392 405/438/405 393/425/393
f 393/425/393 405/438/405 406/439/406
f 393/425/393 406/439/406 394/426/394
f 394/426/394 406/439/406 407/440/407
f 394/426/394 407/440/407 395/427/395
f 395/427/395 407/440/407 408/441/408
f 395/427/395 408/441/408 396/428/396
f 396/428/396 408/441/408 397/442/397
f 396/428/396 397/442/397 385/429/385
f 397/430/397 409/443/409 410/444/410
f 397/430/397 410/444/410 398/431/398
f 398/431/398 410/444/410 411/445/411
f 398/431/398 411/445/411 399/432/399
f 399/432/399 411/445/411 412/446/412
f 399/432/399 412/446/412 400/433/400
f 400/433/400 412/446/412 413/447/413
f 400/433/400 413/447/413 401/434/401
f 401/434/401 413/447/413 414/448/414
f 401/434/401 414/448/414 402/435/402
f 402/435/402 414/448/414 415/449/415
f 402/435/402 415/449/415 403/436/403
f 403/436/403 415/449/415 416/450/416
f 403/436/403 416/450/416 404/437/404
f 404/437/404 416/450/416 417/451/417
f 404/437/404 417/451/417 405/438/405
f 405/438/405 417/451/417 418/452/418
f 405/438/405 418/452/418 406/439/406
f 406/439/406 418/452/418 419/453/419
f 406/439/406 419/453/419 407/440/407
f 407/440/407 419/453/419 420/454/420
f 407/440/407 420/454/420 408/441/408
f 408/441/408 420/454/420 409/455/409
f 408/441/408 409/455/409 397/442/397
f 409/443/409 421/456/421 422/457/422
f 409/443/409 422/457/422 410/444/410
f 410/444/410 422/457/422 423/458/423
f 410/444/410 423/458/423 411/445/411
f 411/445/411 423/458/423 424/459/424
f 411/445/411 424/459/424 412/446/412
f 412/446/412 424/459/424 425/460/425
f 412/446/412 425/460/425 413/447/413
f 413/447/413 425/460/425 426/461/426
f 413/447/413 426/461/426 414/448/414
f 414/448/414 426/461/426 427/462/427
f 414/448/414 427/462/427 415/449/415
f 415/449/415 427/462/427 428/463/428
f 415/449/415 428/463/428 416/450/416
f 416/450/416 428/463/428 429/464/429
f 416/450/416 429/464/429 417/451/417
f 417/451/417 429/464/429 430/465/430
f 417/451/417 430/465/430 418/452/418
f 418/452/418 430/465/430 431/466/431
f 418/452/418 431/466/431 419/453/419
f 419/453/419 431/466/431 432/467/432
f 419/453/419 432/467/432 420/454/420
f 420/454/420 432/467/432 421/468/421
f 420/454/420 421/468/421 409/455/409
f 421/456/421 433/469/433 434/470/434
f 421/456/421 434/470/434 422/457/422
f 422/457/422 434/470/434 435/471/435
f 422/457/422 435/471/435 423/458/423
f 423/458/423 435/471/435 436/472/436
f 423/458/423 436/472/436 424/459/424
f 424/459/424 436/472/436 437/473/437
f 424/459/424 437/473/437 425/460/425
f 425/460/425 437/473/437 438/474/438
f 425/460/425 438/474/438 426/461/426
f 426/461/426 438/474/438 439/475/439
f 426/461/426 439/475/439 427/462/427
f 427/462/427 439/475/439 440/476/440
f 427/462/427 440/476/440 428/463/428
f 428/463/428 440/476/440 441/477/441
f 428/463/428 441/477/441 429/464/429
f 429/464/429 441/477/441 442/478/442
f 429/464/429 442/478/442 430/465/430
f 430/465/430 442/478/442 443/479/443
f 430/465/430 443/479/443 431/466/431
f 431/466/431 443/479/443 444/480/444
f 431/466/431 444/480/444 432/467/432
f 432/467/432 444/480/444 433/481/433
f 432/467/432 433/481/433 421/468/421
f 433/469/433 445/482/445 446/483/446
f 433/469/433 446/483/446 434/470/434
f 434/470/434 446/483/446 447/484/447
f 434/470/434 447/484/447 435/471/435
f 435/471/435 447/484/447 448/485/448
f 435/471/435 448/485/448 436/472/436
f 436/472/436 448/485/448 449/486/449
f 436/472/436 449/486/449 437/473/437
f 437/473/437 449/486/449 450/487/450
f 437/473/437 450/487/450 438/474/438
f 438/474/438 450/487/450 451/488/451
f 438/474/438 451/488/451 439/475/439
f 439/475/439 451/488/451 452/489/452
f 439/475/439 452/489/452 440/476/440
f 440/476/440 452/489/452 453/490/453
f 440/476/440 453/490/453 441/477/441
f 441/477/441 453/490/453 454/491/454
f 441/477/441 454/491/454 442/478/442
f 442/478/442 454/491/454 455/492/455
f 442/478/442 455/492/455 443/479/443
f 443/479/443 455/492/455 456/493/456
f 443/479/443 456/493/456 444/480/444
f 444/480/444 456/493/456 445/494/445
f 444/480/444 445/494/445 433/481/433
f 445/482/445 457/495/457 458/496/458
f 445/482/445 458/496/458 446/483/446
f 446/483/446 458/496/458 459/497/459
f 446/483/446 459/497/459 447/484/447
f 447/484/447 459/497/459 460/498/460
f 447/484/447 460/498/460 448/485/448
f 448/485/448 460/498/460 461/499/461
f 448/485/448 461/499/461 449/486/449
f 449/486/449 461/499/461 462/500/462
f 449/486/449 462/500/462 450/487/450
f 450/487/450 462/500/462 463/501/463
f 450/487/450 463/501/463 451/488/451
f 451/488/451 463/501/463 464/502/464
f 451/488/451 464/502/464 452/489/452
f 452/489/452 464/502/464 465/503/465
f 452/489/452 465/503/465 453/490/453
f 453/490/453 465/503/465 466/504/466
f 453/490/453 466/504/466 454/491/454
f 454/491/454 466/504/466 467/505/467
f 454/491/454 467/505/467 455/492/455
f 455/492/455 467/505/467 468/506/468
f 455/492/455 468/506/468 456/493/456
f 456/493/456 468/506/468 457/507/457
f 456/493/456 457/507/457 445/494/445
f 457/495/457 469/508/469 470/509/470
f 457/495/457 470/509/470 458/496/458
f 458/496/458 470/509/470 471/510/471
f 458/496/458 471/510/471 459/497/459
f 459/497/459 471/510/471 472/511/472
f 459/497/459 472/511/472 460/498/460
f 460/498/460 472/511/472 473/512/473
f 460/498/460 473/512/473 461/499/461
f 461/499/461 473/512/473 474/513/474
f 461/499/461 474/513/474 462/500/462
f 462/500/462 474/513/474 475/514/475
f 462/500/462 475/514/475 463/501/463
f 463/501/463 475/514/475 476/515/476
f 463/501/463 476/515/476 464/502/464
f 464/502/464 476/515/476 477/516/477
f 464/502/464 477/516/477 465/503/465
f 465/503/465 477/516/477 478/517/478
f 465/503/465 478/517/478 466/504/466
f 466/504/466 478/517/478 479/518/479
f 466/504/466 479/518/479 467/505/467
f 467/505/467 479/518/479 480/519/480
f 467/505/467 480/519/480 468/506/468
f 468/506/468 480/519/480 469/520/469
f 468/506/468 469/520/469 457/507/457
f 469/508/469 481/521/481 482/522/482
f 469/508/469 482/522/482 470/509/470
f 470/509/470 482/522/482 483/523/483
f 470/509/470 483/523/483 471/510/471
f 471/510/471 483/523/483 484/524/484
f 471/510/471 484/524/484 472/511/472
f 472/511/472 484/524/484 485/525/485
f 472/511/472 485/525/485 473/512/473
f 473/512/473 485/525/485 486/526/486
f 473/512/473 486/526/486 474/513/474
f 474/513/474 486/526/486 487/527/487
f 474/513/474 487/527/487 475/514/475
f 475/514/475 487/527/487 488/528/488
f 475/514/475 488/528/488 476/515/476
f 476/515/476 488/528/488 489/529/489
f 476/515/476 489/529/489 477/516/477
f 477/516/477 489/529/489 490/530/490
f 477/516/477 490/530/490 478/517/478
f 478/517/478 490/530/490 491/531/491
f 478/517/478 491/531/491 479/518/479
f 479/518/479 491/531/491 492/532/492
f 479/518/479 492/532/492 480/519/480
f 480/519/480 492/532/492 481/533/481
f 480/519/480 481/533/481 469/520/469
f 481/521/481 493/534/493 494/535/494
f 481/521/481 494/535/494 482/522/482
f 482/522/482 494/535/494 495/536/495
f 482/522/482 495/536/495 483/523/483
f 483/523/483 495/536/495 496/537/496
f 483/523/483 496/537/496 484/524/484
f 484/524/484 496/537/496 497/538/497
f 484/524/484 497/538/497 485/525/485
f 485/525/485 497/538/497 498/539/498
f 485/525/485 498/539/498 486/526/486
f 486/526/486 498/539/498 499/540/499
f 486/526/486 499/540/499 487/527/487
f 487/527/487 499/540/499 500/541/500
f 487/527/487 500/541/500 488/528/488
f 488/528/488 500/541/500 501/542/501
f 488/528/488 501/542/501 489/529/489
f 489/529/489 501/542/501 502/543/502
f 489/529/489 502/543/502 490/530/490
f 490/530/490 502/543/502 503/544/503
f 490/530/490 503/544/503 491/531/491
f 491/531/491 503/544/503 504/545/504
f 491/531/491 504/545/504 492/532/492
f 492/532/492 504/545/504 493/546/493
f 492/532/492 493/546/493 481/533/481
f 493/534/493 505/547/505 506/548/506
f 493/534/493 506/548/506 494/535/494
f 494/535/494 506/548/506 507/549/507
f 494/535/494 507/549/507 495/536/495
f 495/536/495 507/549/507 508/550/508
f 495/536/495 508/550/508 496/537/496
f 496/537/496 508/550/508 509/551/509
f 496/537/496 509/551/509 497/538/497
f 497/538/497 509/551/509 510/552/510
f 497/538/497 510/552/510 498/539/498
f 498/539/498 510/552/510 511/553/511
f 498/539/498 511/553/511 499/540/499
f 499/540/499 511/553/511 512/554/512
f 499/540/499 512/554/512 500/541/500
f 500/541/500 512/554/512 513/555/513
f 500/541/500 513/555/513 501/542/501
f 501/542/501 513/555/513 514/556/514
f 501/542/501 514/556/514 502/543/502
f 502/543/502 514/556/514 515/557/515
f 502/543/502 515/557/515 503/544/503
f 503/544/503 515/557/515 516/558/516
f 503/544/503 516/558/516 504/545/504
f 504/545/504 516/558/516 505/559/505
f 504/545/504 505/559/505 493/546/493
f 505/547/505 517/560/517 518/561/518
f 505/547/505 518/561/518 506/548/506
f 506/548/506 518/561/518 519/562/519
f 506/548/506 519/562/519 507/549/507
f 507/549/507 519/562/519 520/563/520
f 507/549/507 520/563/520 508/550/508
f 508/550/508 520/563/520 521/564/521
f 508/550/508 521/564/521 509/551/509
f 509/551/509 521/564/521 522/565/522
f 509/551/509 522/565/522 510/552/510
f 510/552/510 522/565/522 523/566/523
f 510/552/510 523/566/523 511/553/511
f 511/553/511 523/566/523 524/567/524
f 511/553/511 524/567/524 512/554/512
f 512/554/512 524/567/524 525/568/525
f 512/554/512 525/568/525 513/555/513
f 513/555/513 525/568/525 526/569/526
f 513/555/513 526/569/526 514/556/514
f 514/556/514 526/569/526 527/570/527
f 514/556/514 527/570/527 515/557/515
f 515/557/515 527/570/527 528/571/528
f 515/557/515 528/571/528 516/558/516
f 516/558/516 528/571/528 517/572/517
f 516/558/516 517/572/517 505/559/505
f 517/560/517 529/573/529 530/574/530
f 517/560/517 530/574/530 518/561/518
f 518/561/518 530/574/530 531/575/531
f 518/561/518 531/575/531 519/562/519
f 519/562/519 531/575/531 532/576/532
f 519/562/519 532/576/532 520/563/520
f 520/563/520 532/576/532 533/577/533
f 520/563/520 533/577/533 521/564/521
f 521/564/521 533/577/533 534/578/534
f 521/564/521 534/578/534 522/565/522
f 522/565/522 534/578/534 535/579/535
f 522/565/522 535/579/535 523/566/523
f 523/566/523 535/579/535 536/580/536
f 523/566/523 536/580/536 524/567/524
f 524/567/524 536/580/536 537/581/537
f 524/567/524 537/581/537 525/568/525
f 525/568/525 537/581/537 538/582/538
f 525/568/525 538/582/538 526/569/526
f 526/569/526 538/582/538 539/583/539
f 526/569/526 539/583/539 527/570/527
f 527/570/527 539/583/539 540/584/540
f 527/570/527 540/584/540 528/571/528
f 528/571/528 540/584/540 529/585/529
f 528/571/528 529/585/529 517/572/517
f 529/573/529 541/586/541 542/587/542
f 529/573/529 542/587/542 530/574/530
f 530/574/530 542/587/542 543/588/543
f 530/574/530 543/588/543 531/575/531
f 531/575/531 543/588/543 544/589/544
f 531/575/531 544/589/544 532/576/532
f 532/576/532 544/589/544 545/590/545
f 532/576/532 545/590/545 533/577/533
f 533/577/533 545/590/545 546/591/546
f 533/577/533 546/591/546 534/578/534
f 534/578/534 546/591/546 547/592/547
f 534/578/534 547/592/547 535/579/535
f 535/579/535 547/592/547 548/593/548
f 535/579/535 548/593/548 536/580/536
f 536/580/536 548/593/548 549/594/549
f 536/580/536 549/594/549 537/581/537
f 537/581/537 549/594/549 550/595/550
f 537/581/537 550/595/550 538/582/538
f 538/582/538 550/595/550 551/596/551
f 538/582/538 551/596/551 539/583/539
f 539/583/539 551/596/551 552/597/552
f 539/583/539 552/597/552 540/584/540
f 540/584/540 552/597/552 541/598/541
f 540/584/540 541/598/541 529/585/529
f 541/586/541 553/599/553 554/600/554
f 541/586/541 554/600/554 542/587/542
f 542/587/542 554/600/554 555/601/555
f 542/587/542 555/601/555 543/588/543
f 543/588/543 555/601/555 556/602/556
f 543/588/543 556/602/556 544/589/544
f 544/589/544 556/602/556 557/603/557
f 544/589/544 557/603/557 545/590/545
f 545/590/545 557/603/557 558/604/558
f 545/590/545 558/604/558 546/591/546
f 546/591/546 558/604/558 559/605/559
f 546/591/546 559/605/559 547/592/547
f 547/592/547 559/605/559 560/606/560
f 547/592/547 560/606/560 548/593/548
f 548/593/548 560/606/560 561/607/561
f 548/593/548 561/607/561 549/594/549
f 549/594/549 561/607/561 562/608/562
f 549/594/549 562/608/562 550/595/550
f 550/595/550 562/608/562 563/609/563
f 550/595/550 563/609/563 551/596/551
f 551/596/551 563/609/563 564/610/564
f 551/596/551 564/610/564 552/597/552
f 552/597/552 564/610/564 553/611/553
f 552/597/552 553/611/553 541/598/541
f 553/599/553 565/612/565 566/613/566
f 553/599/553 566/613/566 554/600/554
f 554/600/554 566/613/566 567/614/567
f 554/600/554 567/614/567 555/601/555
f 555/601/555 567/614/567 568/615/568
f 555/601/555 568/615/568 556/602/556
f 556/602/556 568/615/568 569/616/569
f 556/602/556 569/616/569 557/603/557
f 557/603/557 569/616/569 570/617/570
f 557/603/557 570/617/570 558/604/558
f 558/604/558 570/617/570 571/618/571
f 558/604/558 571/618/571 559/605/559
f 559/605/559 571/618/571 572/619/572
f 559/605/559 572/619/572 560/606/560
f 560/606/560 572/619/572 573/620/573
f 560/606/560 573/620/573 561/607/561
f 561/607/561 573/620/573 574/621/574
f 561/607/561 574/621/574 562/608/562
f 562/608/562 574/621/574 575/622/575
f 562/608/562 575/622/575 563/609/563
f 563/609/563 575/622/575 576/623/576
f 563/609/563 576/623/576 564/610/564
f 564/610/564 576/623/576 565/624/565
f 564/610/564 565/624/565 553/611/553
f 565/612/565 577/625/577 578/626/578
f 565/612/565 578/626/578 566/613/566
f 566/613/566 578/626/578 579/627/579
f 566/613/566 579/627/579 567/614/567
f 567/614/567 579/627/579 580/628/580
f 567/614/567 580/628/580 568/615/568
f 568/615/568 580/628/580 581/629/581
f 568/615/568 581/629/581 569/616/569
f 569/616/569 581/629/581 582/630/582
f 569/616/569 582/630/582 570/617/570
f 570/617/570 582/630/582 583/631/583
f 570/617/570 583/631/583 571/618/571
f 571/618/571 583/631/583 584/632/584
f 571/618/571 584/632/584 572/619/572
f 572/619/572 584/632/584 585/633/585
f 572/619/572 585/633/585 573/620/573
f 573/620/573 585/633/585 586/634/586
f 573/620/573 586/634/586 574/621/574
f 574/621/574 586/634/586 587/635/587
f 574/621/574 587/635/587 575/622/575
f 575/622/575 587/635/587 588/636/588
f 575/622/575 588/636/588 576/623/576
f 576/623/576 588/636/588 577/637/577
f 576/623/576 577/637/577 565/624/565
f 577/625/577 589/638/589 590/639/590
f 577/625/577 590/639/590 578/626/578
f 578/626/578 590/639/590 591/640/591
f 578/626/578 591/640/591 579/627/579
f 579/627/579 591/640/591 592/641/592
f 579/627/579 592/641/592 580/628/580
f 580/628/580 592/641/592 593/642/593
f 580/628/580 593/642/593 581/629/581
f 581/629/581 593/642/593 594/643/594
f 581/629/581 594/643/594 582/630/582
f 582/630/582 594/643/594 595/644/595
f 582/630/582 595/644/595 583/631/583
f 583/631/583 595/644/595 596/645/596
f 583/631/583 596/645/596 584/632/584
f 584/632/584 596/645/596 597/646/597
f 584/632/584 597/646/597 585/633/585
f 585/633/585 597/646/597 598/647/598
f 585/633/585 598/647/598 586/634/586
f 586/634/586 598/647/598 599/648/599
f 586/634/586 599/648/599 587/635/587
f 587/635/587 599/648/599 600/649/600
f 587/635/587 600/649/600 588/636/588
f 588/636/588 600/649/600 589/650/589
f 588/636/588 589/650/589 577/637/577
f 589/638/589 601/651/601 602/652/602
f 589/638/589 602/652/602 590/639/590
f 590/639/590 602/652/602 603/653/603
f 590/639/590 603/653/603 591/640/591
f 591/640/591 603/653/603 604/654/604
f 591/640/591 604/654/604 592/641/592
f 592/641/592 604/654/604 605/655/605
f 592/641/592 605/655/605 593/642/593
f 593/642/593 605/655/605 606/656/606
f 593/642/593 606/656/606 594/643/594
f 594/643/594 606/656/606 607/657/607
f 594/643/594 607/657/607 595/644/595
f 595/644/595 607/657/607 608/658/608
f 595/644/595 608/658/608 596/645/596
f 596/645/596 608/658/608 609/659/609
f 596/645/596 609/659/609 597/646/597
f 597/646/597 609/659/609 610/660/610
f 597/646/597 610/660/610 598/647/598
f 598/647/598 610/660/610 611/661/611
f 598/647/598 611/661/611 599/648/599
f 599/648/599 611/661/611 612/662/612
f 599/648/599 612/662/612 600/649/600
f 600/649/600 612/662/612 601/663/601
f 600/649/600 601/663/601 589/650/589
f 601/651/601 613/664/613 614/665/614
f 601/651/601 614/665/614 602/652/602
f 602/652/602 614/665/614 615/666/615
f 602/652/602 615/666/615 603/653/603
f 603/653/603 615/666/615 616/667/616
f 603/653/603 616/667/616 604/654/604
f 604/654/604 616/667/616 617/668/617
f 604/654/604 617/668/617 605/655/605
f 605/655/605 617/668/617 618/669/618
f 605/655/605 618/669/618 606/656/606
f 606/656/606 618/669/618 619/670/619
f 606/656/606 619/670/619 607/657/607
f 607/657/607 619/670/619 620/671/620
f 607/657/607 620/671/620 608/658/608
f 608/658/608 620/671/620 621/672/621
f 608/658/608 621/672/621 609/659/609
f 609/659/609 621/672/621 622/673/622
f 609/659/609 622/673/622 610/660/610
f 610/660/610 622/673/622 623/674/623
f 610/660/610 623/674/623 611/661/611
f 611/661/611 623/674/623 624/675/624
f 611/661/611 624/675/624 612/662/612
f 612/662/612 624/675/624 613/676/613
f 612/662/612 613/676/613 601/663/601
f 613/664/613 625/677/625 626/678/626
f 613/664/613 626/678/626 614/665/614
f 614/665/614 626/678/626 627/679/627
f 614/665/614 627/679/627 615/666/615
f 615/666/615 627/679/627 628/680/628
f 615/666/615 628/680/628 616/667/616
f 616/667/616 628/680/628 629/681/629
f 616/667/616 629/681/629 617/668/617
f 617/668/617 629/681/629 630/682/630
f 617/668/617 630/682/630 618/669/618
f 618/669/618 630/682/630 631/683/631
f 618/669/618 631/683/631 619/670/619
f 619/670/619 631/683/631 632/684/632
f 619/670/619 632/684/632 620/671/620
f 620/671/620 632/684/632 633/685/633
f 620/671/620 633/685/633 621/672/621
f 621/672/621 633/685/633 634/686/634
f 621/672/621 634/686/634 622/673/622
f 622/673/622 634/686/634 635/687/635
f 622/673/622 635/687/635 623/674/623
f 623/674/623 635/687/635 636/688/636
f 623/674/623 636/688/636 624/675/624
f 624/675/624 636/688/636 625/689/625
f 624/675/624 625/689/625 613/676/613
f 625/677/625 637/690/637 638/691/638
f 625/677/625 638/691/638 626/678/626
f 626/678/626 638/691/638 639/692/639
f 626/678/626 639/692/639 627/679/627
f 627/679/627 639/692/639 640/693/640
f 627/679/627 640/693/640 628/680/628
f 628/680/628 640/693/640 641/694/641
f 628/680/628 641/694/641 629/681/629
f 629/681/629 641/694/641 642/695/642
f 629/681/629 642/695/642 630/682/630
f 630/682/630 642/695/642 643/696/643
f 630/682/630 643/696/643 631/683/631
f 631/683/631 643/696/643 644/697/644
f 631/683/631 644/697/644 632/684/632
f 632/684/632 644/697/644 645/698/645
f 632/684/632 645/698/645 633/685/633
f 633/685/633 645/698/645 646/699/646
f 633/685/633 646/699/646 634/686/634
f 634/686/634 646/699/646 647/700/647
f 634/686/634 647/700/647 635/687/635
f 635/687/635 647/700/647 648/701/648
f 635/687/635 648/701/648 636/688/636
f 636/688/636 648/701/648 637/702/637
f 636/688/636 637/702/637 625/689/625
f 637/690/637 649/703/649 650/704/650
f 637/690/637 650/704/650 638/691/638
f 638/691/638 650/704/650 651/705/651
f 638/691/638 651/705/651 639/692/639
f 639/692/639 651/705/651 652/706/652
f 639/692/639 652/706/652 640/693/640
f 640/693/640 652/706/652 653/707/653
f 640/693/640 653/707/653 641/694/641
f 641/694/641 653/707/653 654/708/654
f 641/694/641 654/708/654 642/695/642
f 642/695/642 654/708/654 655/709/655
f 642/695/642 655/709/655 643/696/643
f 643/696/643 655/709/655 656/710/656
f 643/696/643 656/710/656 644/697/644
f 644/697/644 656/710/656 657/711/657
f 644/697/644 657/711/657 645/698/645
f 645/698/645 657/711/657 658/712/658
f 645/698/645 658/712/658 646/699/646
f 646/699/646 658/712/658 659/713/659
f 646/699/646 659/713/659 647/700/647
f 647/700/647 659/713/659 660/714/660
f 647/700/647 660/714/660 648/701/648
f 648/701/648 660/714/660 649/715/649
f 648/701/648 649/715/649 637/702/637
f 649/703/649 661/716/661 662/717/662
f 649/703/649 662/717/662 650/704/650
f 650/704/650 662/717/662 663/718/663
f 650/704/650 663/718/663 651/705/651
f 651/705/651 663/718/663 664/719/664
f 651/705/651 664/719/664 652/706/652
f 652/706/652 664/719/664 665/720/665
f 652/706/652 665/720/665 653/707/653
f 653/707/653 665/720/665 666/721/666
f 653/707/653 666/721/666 654/708/654
f 654/708/654 666/721/666 667/722/667
f 654/708/654 667/722/667 655/709/655
f 655/709/655 667/722/667 668/723/668
f 655/709/655 668/723/668 656/710/656
f 656/710/656 668/723/668 669/724/669
f 656/710/656 669/724/669 657/711/657
f 657/711/657 669/724/669 670/725/670
f 657/711/657 670/725/670 658/712/658
f 658/712/658 670/725/670 671/726/671
f 658/712/658 671/726/671 659/713/659
f 659/713/659 671/726/671 672/727/672
f 659/713/659 672/727/672 660/714/660
f 660/714/660 672/727/672 661/728/661
f 660/714/660 661/728/661 649/715/649
f 661/716/661 673/729/673 674/730/674
f 661/716/661 674/730/674 662/717/662
f 662/717/662 674/730/674 675/731/675
f 662/717/662 675/731/675 663/718/663
f 663/718/663 675/731/675 676/732/676
f 663/718/663 676/732/676 664/719/664
f 664/719/664 676/732/676 677/733/677
f 664/719/664 677/733/677 665/720/665
f 665/720/665 677/733/677 678/734/678
f 665/720/665 678/734/678 666/721/666
f 666/721/666 678/734/678 679/735/679
f 666/721/666 679/735/679 667/722/667
f 667/722/667 679/735/679 680/736/680
f 667/722/667 680/736/680 668/723/668
f 668/723/668 680/736/680 681/737/681
f 668/723/668 681/737/681 669/724/669
f 669/724/669 681/737/681 682/738/682
f 669/724/669 682/738/682 670/725/670
f 670/725/670 682/738/682 683/739/683
f 670/725/670 683/739/683 671/726/671
f 671/726/671 683/739/683 684/740/684
f 671/726/671 684/740/684 672/727/672
f 672/727/672 684/740/684 673/741/673
f 672/727/672 673/741/673 661/728/661
f 673/729/673 685/742/685 686/743/686
f 673/729/673 686/743/686 674/730/674
f 674/730/674 686/743/686 687/744/687
f 674/730/674 687/744/687 675/731/675
f 675/731/675 687/744/687 688/745/688
f 675/731/675 688/745/688 676/732/676
f 676/732/676 688/745/688 689/746/689
f 676/732/676 689/746/689 677/733/677
f 677/733/677 689/746/689 690/747/690
f 677/733/677 690/747/690 678/734/678
f 678/734/678 690/747/690 691/748/691
f 678/734/678 691/748/691 679/735/679
f 679/735/679 691/748/691 692/749/692
f 679/735/679 692/749/692 680/736/680
f 680/736/680 692/749/692 693/750/693
f 680/736/680 693/750/693 681/737/681
f 681/737/681 693/750/693 694/751/694
f 681/737/681 694/751/694 682/738/682
f 682/738/682 694/751/694 695/752/695
f 682/738/682 695/752/695 683/739/683
f 683/739/683 695/752/695 696/753/696
f 683/739/683 696/753/696 684/740/684
f 684/740/684 696/753/696 685/754/685
f 684/740/684 685/754/685 673/741/673
f 685/742/685 697/755/697 698/756/698
f 685/742/685 698/756/698 686/743/686
f 686/743/686 698/756/698 699/757/699
f 686/743/686 699/757/699 687/744/687
f 687/744/687 699/757/699 700/758/700
f 687/744/687 700/758/700 688/745/688
f 688/745/688 700/758/700 701/759/701
f 688/745/688 701/759/701 689/746/689
f 689/746/689 701/759/701 702/760/702
f 689/746/689 702/760/702 690/747/690
f 690/747/690 702/760/702 703/761/703
f 690/747/690 703/761/703 691/748/691
f 691/748/691 703/761/703 704/762/704
f 691/748/691 704/762/704 692/749/692
f 692/749/692 704/762/704 705/763/705
f 692/749/692 705/763/705 693/750/693
f 693/750/693 705/763/705 706/764/706
f 693/750/693 706/764/706 694/751/694
f 694/751/694 706/764/706 707/765/707
f 694/751/694 707/765/707 695/752/695
f 695/752/695 707/765/707 708/766/708
f 695/752/695 708/766/708 696/753/696
f 696/753/696 708/766/708 697/767/697
f 696/753/696 697/767/697 685/754/685
f 697/755/697 709/768/709 710/769/710
f 697/755/697 710/769/710 698/756/698
f 698/756/698 710/769/710 711/770/711
f 698/756/698 711/770/711 699/757/699
f 699/757/699 711/770/711 712/771/712
f 699/757/699 712/771/712 700/758/700
f 700/758/700 712/771/712 713/772/713
f 700/758/700 713/772/713 701/759/701
f 701/759/701 713/772/713 714/773/714
f 701/759/701 714/773/714 702/760/702
f 702/760/702 714/773/714 715/774/715
f 702/760/702 715/774/715 703/761/703
f 703/761/703 715/774/715 716/775/716
f 703/761/703 716/775/716 704/762/704
f 704/762/704 716/775/716 717/776/717
f 704/762/704 717/776/717 705/763/705
f 705/763/705 717/776/717 718/777/718
f 705/763/705 718/777/718 706/764/706
f 706/764/706 718/777/718 719/778/719
f 706/764/706 719/778/719 707/765/707
f 707/765/707 719/778/719 720/779/720
f 707/765/707 720/779/720 708/766/708
f 708/766/708 720/779/720 709/780/709
f 708/766/708 709/780/709 697/767/697
f 709/768/709 721/781/721 722/782/722
f 709/768/709 722/782/722 710/769/710
f 710/769/710 722/782/722 723/783/723
f 710/769/710 723/783/723 711/770/711
f 711/770/711 723/783/723 724/784/724
f 711/770/711 724/784/724 712/771/712
f 712/771/712 724/784/724 725/785/725
f 712/771/712 725/785/725 713/772/713
f 713/772/713 725/785/725 726/786/726
f 713/772/713 726/786/726 714/773/714
f 714/773/714 726/786/726 727/787/727
f 714/773/714 727/787/727 715/774/715
f 715/774/715 727/787/727 728/788/728
f 715/774/715 728/788/728 716/775/716
f 716/775/716 728/788/728 729/789/729
f 716/775/716 729/789/729 717/776/717
f 717/776/717 729/789/729 730/790/730
f 717/776/717 730/790/730 718/777/718
f 718/777/718 730/790/730 731/791/731
f 718/777/718 731/791/731 719/778/719
f 719/778/719 731/791/731 732/792/732
f 719/778/719 732/792/732 720/779/720
f 720/779/720 732/792/732 721/793/721
f 720/779/720 721/793/721 709/780/709
f 721/781/721 733/794/733 734/795/734
f 721/781/721 734/795/734 722/782/722
f 722/782/722 734/795/734 735/796/735
f 722/782/722 735/796/735 723/783/723
f 723/783/723 735/796/735 736/797/736
f 723/783/723 736/797/736 724/784/724
f 724/784/724 736/797/736 737/798/737
f 724/784/724 737/798/737 725/785/725
f 725/785/725 737/798/737 738/799/738
f 725/785/725 738/799/738 726/786/726
f 726/786/726 738/799/738 739/800/739
f 726/786/726 739/800/739 727/787/727
f 727/787/727 739/800/739 740/801/740
f 727/787/727 740/801/740 728/788/728
f 728/788/728 740/801/740 741/802/741
f 728/788/728 741/802/741 729/789/729
f 729/789/729 741/802/741 742/803/742
f 729/789/729 742/803/742 730/790/730
f 730/790/730 742/803/742 743/804/743
f 730/790/730 743/804/743 731/791/731
f 731/791/731 743/804/743 744/805/744
f 731/791/731 744/805/744 732/792/732
f 732/792/732 744/805/744 733/806/733
f 732/792/732 733/806/733 721/793/721
f 733/794/733 745/807/745 746/808/746
f 733/794/733 746/808/746 734/795/734
f 734/795/734 746/808/746 747/809/747
f 734/795/734 747/809/747 735/796/735
f 735/796/735 747/809/747 748/810/748
f 735/796/735 748/810/748 736/797/736
f 736/797/736 748/810/748 749/811/749
f 736/797/736 749/811/749 737/798/737
f 737/798/737 749/811/749 750/812/750
f 737/798/737 750/812/750 738/799/738
f 738/799/738 750/812/750 751/813/751
f 738/799/738 751/813/751 739/800/739
f 739/800/739 751/813/751 752/814/752
f 739/800/739 752/814/752 740/801/740
f 740/801/740 752/814/752 753/815/753
f 740/801/740 753/815/753 741/802/741
f 741/802/741 753/815/753 754/816/754
f 741/802/741 754/816/754 742/803/742
f 742/803/742 754/816/754 755/817/755
f 742/803/742 755/817/755 743/804/743
f 743/804/743 755/817/755 756/818/756
f 743/804/743 756/818/756 744/805/744
f 744/805/744 756/818/756 745/819/745
f 744/805/744 745/819/745 733/806/733
f 745/807/745 757/820/757 758/821/758
f 745/807/745 758/821/758 746/808/746
f 746/808/746 758/821/758 759/822/759
f 746/808/746 759/822/759 747/809/747
f 747/809/747 759/822/759 760/823/760
f 747/809/747 760/823/760 748/810/748
f 748/810/748 760/823/760 761/824/761
f 748/810/748 761/824/761 749/811/749
f 749/811/749 761/824/761 762/825/762
f 749/811/749 762/825/762 750/812/750
f 750/812/750 762/825/762 763/826/763
f 750/812/750 763/826/763 751/813/751
f 751/813/751 763/826/763 764/827/764
f 751/813/751 764/827/764 752/814/752
f 752/814/752 764/827/764 765/828/765
f 752/814/752 765/828/765 753/815/753
f 753/815/753 765/828/765 766/829/766
f 753/815/753 766/829/766 754/816/754
f 754/816/754 766/829/766 767/830/767
f 754/816/754 767/830/767 755/817/755
f 755/817/755 767/830/767 768/831/768
f 755/817/755 768/831/768 756/818/756
f 756/818/756 768/831/768 757/832/757
f 756/818/756 757/832/757 745/819/745
f 757/820/757 1/833/1 2/834/2
f 757/820/757 2/834/2 758/821/758
f 758/821/758 2/834/2 3/835/3
f 758/821/758 3/835/3 759/822/759
f 759/822/759 3/835/3 4/836/4
f 759/822/759 4/836/4 760/823/760
f 760/823/760 4/836/4 5/837/5
f 760/823/760 5/837/5 761/824/761
f 761/824/761 5/837/5 6/838/6
f 761/824/761 6/838/6 762/825/762
f 762/825/762 6/838/6 7/839/7
f 762/825/762 7/839/7 763/826/763
f 763/826/763 7/839/7 8/840/8
f 763/826/763 8/840/8 764/827/764
f 764/827/764 8/840/8 9/841/9
f 764/827/764 9/841/9 765/828/765
f 765/828/765 9/841/9 10/842/10
f 765/828/765 10/842/10 766/829/766
f 766/829/766 10/842/10 11/843/11
f 766/829/766 11/843/11 767/830/767
f 767/830/767 11/843/11 12/844/12
f 767/830/767 12/844/12 768/831/768
f 768/831/768 12/844/12 1/845/1
f 768/831/768 1/845/1 757/832/757
